code,name,market,credit_type
1301,（株）極洋,プライム,貸借銘柄
1305,ｉＦｒｅｅＥＴＦ　ＴＯＰＩＸ（年１回決算型）,ETF,貸借銘柄
1306,ＮＥＸＴ　ＦＵＮＤＳ　ＴＯＰＩＸ連動型上場投信,ETF,貸借銘柄
1308,上場インデックスファンドＴＯＰＩＸ,ETF,貸借銘柄
1309,ＮＥＸＴ　ＦＵＮＤＳ　ＣｈｉｎａＡＭＣ・中国株式・上証５０連動型上場投信,ETF,貸借銘柄
1311,ＮＥＸＴ　ＦＵＮＤＳ　ＴＯＰＩＸ　Ｃｏｒｅ　３０連動型上場投信,ETF,貸借銘柄
1319,ＮＥＸＴ　ＦＵＮＤＳ　日経３００株価指数連動型上場投信,ETF,貸借銘柄
1320,ｉＦｒｅｅＥＴＦ　日経２２５（年１回決算型）,ETF,貸借銘柄
1321,ＮＥＸＴ　ＦＵＮＤＳ　日経２２５連動型上場投信,ETF,貸借銘柄
1322,上場インデックスファンド中国Ａ株（パンダ）Ｅ　Ｆｕｎｄ　ＣＳＩ３００,ETF,貸借銘柄
1325,ＮＥＸＴ　ＦＵＮＤＳ　ブラジル株式指数・ボベスパ連動型上場投信,ETF,貸借銘柄
1326,ＳＰＤＲゴールド・シェア,ETF,貸借銘柄
1328,ＮＥＸＴ　ＦＵＮＤＳ　金価格連動型上場投信,ETF,貸借銘柄
1329,ｉシェアーズ・コア　日経２２５　ＥＴＦ,ETF,貸借銘柄
1330,上場インデックスファンド２２５,ETF,貸借銘柄
1332,（株）ニッスイ,プライム,貸借銘柄
1333,Ｕｍｉｏｓ（株）,プライム,貸借銘柄
133A,グローバルＸ　超短期米国債　ＥＴＦ,ETF,貸借銘柄
1343,ＮＥＸＴ　ＦＵＮＤＳ　東証ＲＥＩＴ　指数連動型上場投信,ETF,貸借銘柄
1345,上場インデックスファンドＪリート（東証ＲＥＩＴ指数）隔月分配型,ETF,貸借銘柄
1346,ＭＡＸＩＳ　日経２２５上場投信,ETF,貸借銘柄
1348,ＭＡＸＩＳ　トピックス上場投信,ETF,貸借銘柄
1349,ＡＢＦ汎アジア債券インデックス・ファンド,ETF,貸借銘柄
1356,ＴＯＰＩＸベア２倍上場投信,ETF,貸借銘柄
1357,ＮＥＸＴ　ＦＵＮＤＳ　日経平均ダブルインバース・インデックス連動型上場投信,ETF,貸借銘柄
1358,上場インデックスファンド日経レバレッジ指数,ETF,貸借銘柄
135A,（株）ＶＲＡＩＮ　Ｓｏｌｕｔｉｏｎ,グロース,貸借銘柄
1360,日経平均ベア２倍上場投信,ETF,貸借銘柄
1364,ｉシェアーズ　ＪＰＸ日経４００　ＥＴＦ,ETF,貸借銘柄
1365,ｉＦｒｅｅＥＴＦ　日経平均レバレッジ・インデックス,ETF,貸借銘柄
1366,ｉＦｒｅｅＥＴＦ　日経平均ダブルインバース・インデックス,ETF,貸借銘柄
1367,ｉＦｒｅｅＥＴＦ　ＴＯＰＩＸレバレッジ（２倍）指数,ETF,貸借銘柄
1368,ｉＦｒｅｅＥＴＦ　ＴＯＰＩＸダブルインバース（－２倍）指数,ETF,貸借銘柄
1369,Ｏｎｅ　ＥＴＦ　日経２２５,ETF,貸借銘柄
1377,（株）サカタのタネ,プライム,貸借銘柄
1379,ホクト（株）,プライム,貸借銘柄
1397,ＳＭＤＡＭ　日経２２５上場投信,ETF,貸借銘柄
1398,ＳＭＤＡＭ　東証ＲＥＩＴ指数上場投信,ETF,貸借銘柄
1399,上場インデックスファンドＭＳＣＩ日本株高配当低ボラティリティ,ETF,貸借銘柄
1407,（株）ウエストホールディングス,スタンダード,貸借銘柄
140A,ｉＦｒｅｅＥＴＦ　米国１０年国債先物インバース,ETF,貸借銘柄
1414,ショーボンドホールディングス（株）,プライム,貸借銘柄
1417,（株）ミライト・ワン,プライム,貸借銘柄
1418,インターライフホールディングス（株）,スタンダード,貸借銘柄
1419,タマホーム（株）,プライム,貸借銘柄
141A,（株）トライアルホールディングス,グロース,貸借銘柄
1420,サンヨーホームズ（株）,スタンダード,貸借銘柄
1429,（株）日本アクア,プライム,貸借銘柄
1430,ファーストコーポレーション（株）,スタンダード,貸借銘柄
1431,（株）Ｌｉｂ　Ｗｏｒｋ,グロース,貸借銘柄
1433,ベステラ（株）,プライム,貸借銘柄
1434,ＪＥＳＣＯホールディングス（株）,スタンダード,貸借銘柄
1446,（株）キャンディル,スタンダード,貸借銘柄
1456,ｉＦｒｅｅＥＴＦ　日経平均インバース・インデックス,ETF,貸借銘柄
1457,ｉＦｒｅｅＥＴＦ　ＴＯＰＩＸインバース（－１倍）指数,ETF,貸借銘柄
1458,楽天ＥＴＦ‐日経レバレッジ指数連動型,ETF,貸借銘柄
1459,楽天ＥＴＦ‐日経ダブルインバース指数連動型,ETF,貸借銘柄
1466,ｉＦｒｅｅＥＴＦ　ＪＰＸ日経４００ダブルインバース・インデックス,ETF,貸借銘柄
1469,ＪＰＸ日経４００ベア２倍上場投信（ダブルインバース）,ETF,貸借銘柄
1472,ＮＥＸＴ　ＦＵＮＤＳ　ＪＰＸ日経４００ダブルインバース・インデックス連動型上場投信,ETF,貸借銘柄
1473,Ｏｎｅ　ＥＴＦ　トピックス,ETF,貸借銘柄
1474,Ｏｎｅ　ＥＴＦ　ＪＰＸ日経４００,ETF,貸借銘柄
1475,ｉシェアーズ・コア　ＴＯＰＩＸ　ＥＴＦ,ETF,貸借銘柄
1476,ｉシェアーズ・コア　Ｊリート　ＥＴＦ,ETF,貸借銘柄
1477,ｉシェアーズ　ＭＳＣＩ　日本株最小分散　ＥＴＦ,ETF,貸借銘柄
1478,ｉシェアーズ　ＭＳＣＩ　ジャパン高配当利回り　ＥＴＦ,ETF,貸借銘柄
1479,ｉＦｒｅｅＥＴＦ　ＭＳＣＩ日本株人材設備投資指数,ETF,貸借銘柄
147A,（株）ソラコム,グロース,貸借銘柄
1480,ＮＥＸＴ　ＦＵＮＤＳ　野村企業価値分配指数連動型上場投信,ETF,貸借銘柄
1481,上場インデックスファンド日本経済貢献株,ETF,貸借銘柄
1482,ｉシェアーズ・コア　米国債７－１０年　ＥＴＦ（為替ヘッジあり）,ETF,貸借銘柄
1483,ｉシェアーズ　ＪＰＸ／Ｓ＆Ｐ設備・人材投資　ＥＴＦ,ETF,貸借銘柄
1484,Ｏｎｅ　ＥＴＦ　ＪＰＸ／Ｓ＆Ｐ　設備・人材投資指数,ETF,貸借銘柄
1485,ＭＡＸＩＳ　ＪＡＰＡＮ　設備・人材積極投資企業２００上場投信,ETF,貸借銘柄
1486,上場インデックスファンド米国債券（為替ヘッジなし）,ETF,貸借銘柄
1487,上場インデックスファンド米国債券（為替ヘッジあり）,ETF,貸借銘柄
1488,ｉＦｒｅｅＥＴＦ　東証ＲＥＩＴ指数,ETF,貸借銘柄
1489,ＮＥＸＴ　ＦＵＮＤＳ　日経平均高配当株５０指数連動型上場投信,ETF,貸借銘柄
1490,上場インデックスファンドＭＳＣＩ日本株高配当低ボラティリティ（βヘッジ）,ETF,貸借銘柄
1493,Ｏｎｅ　ＥＴＦ　ＪＰＸ日経中小型,ETF,貸借銘柄
1494,Ｏｎｅ　ＥＴＦ　高配当日本株,ETF,貸借銘柄
1495,上場インデックスファンドアジアリート,ETF,貸借銘柄
1496,ｉシェアーズ　米ドル建て投資適格社債　ＥＴＦ（為替ヘッジあり）,ETF,貸借銘柄
1497,ｉシェアーズ　米ドル建てハイイールド社債　ＥＴＦ（為替ヘッジあり）,ETF,貸借銘柄
1498,Ｏｎｅ　ＥＴＦ　ＥＳＧ,ETF,貸借銘柄
1499,ＭＡＸＩＳ日本株高配当７０マーケットニュートラル上場投信,ETF,貸借銘柄
1514,住石ホールディングス（株）,スタンダード,貸借銘柄
1515,日鉄鉱業（株）,プライム,貸借銘柄
1518,三井松島ホールディングス（株）,プライム,貸借銘柄
153A,（株）カウリス,グロース,貸借銘柄
1540,純金上場信託（現物国内保管型）,ETF,貸借銘柄
1541,純プラチナ上場信託（現物国内保管型）,ETF,貸借銘柄
1542,純銀上場信託（現物国内保管型）,ETF,貸借銘柄
1543,純パラジウム上場信託（現物国内保管型）,ETF,貸借銘柄
1545,ＮＥＸＴ　ＦＵＮＤＳ　ＮＡＳＤＡＱ－１００（為替ヘッジなし）連動型上場投信,ETF,貸借銘柄
1546,ＮＥＸＴ　ＦＵＮＤＳ　ダウ・ジョーンズ工業株３０種平均株価（為替ヘッジなし）連動型上場投信,ETF,貸借銘柄
1547,上場インデックスファンド米国株式（Ｓ＆Ｐ５００）,ETF,貸借銘柄
1550,ＭＡＸＩＳ　海外株式（ＭＳＣＩコクサイ）上場投信,ETF,貸借銘柄
1551,東証スタンダードＴＯＰ２０ＥＴＦ,ETF,貸借銘柄
1554,上場インデックスファンド世界株式（ＭＳＣＩ　ＡＣＷＩ）除く日本,ETF,貸借銘柄
1555,上場インデックスファンド豪州リート（Ｓ＆Ｐ／ＡＳＸ２００　Ａ－ＲＥＩＴ）,ETF,貸借銘柄
1557,Ｓｔａｔｅ　Ｓｔｒｅｅｔ　ＳＰＤＲ　Ｓ＆Ｐ　５００　ＥＴＦ,ETF,貸借銘柄
1559,ＮＥＸＴ　ＦＵＮＤＳ　タイ株式ＳＥＴ５０指数連動型上場投信,ETF,貸借銘柄
155A,（株）情報戦略テクノロジー,グロース,貸借銘柄
1560,ＮＥＸＴ　ＦＵＮＤＳ　ＦＴＳＥブルサ・マレーシアＫＬＣＩ連動型上場投信,ETF,貸借銘柄
1563,東証グロース・コアＥＴＦ,ETF,貸借銘柄
1566,上場インデックスファンド新興国債券,ETF,貸借銘柄
1568,ＴＯＰＩＸブル２倍上場投信,ETF,貸借銘柄
1569,ＴＯＰＩＸベア上場投信,ETF,貸借銘柄
156A,マテリアルグループ（株）,グロース,貸借銘柄
1570,ＮＥＸＴ　ＦＵＮＤＳ　日経平均レバレッジ・インデックス連動型上場投信,ETF,貸借銘柄
1571,ＮＥＸＴ　ＦＵＮＤＳ　日経平均インバース・インデックス連動型上場投信,ETF,貸借銘柄
1572,中国Ｈ株ブル２倍上場投信,ETF,貸借銘柄
1573,中国Ｈ株ベア上場投信,ETF,貸借銘柄
1577,ＮＥＸＴ　ＦＵＮＤＳ　野村日本株高配当７０連動型上場投信,ETF,貸借銘柄
1578,上場インデックスファンド日経２２５（ミニ）,ETF,貸借銘柄
1579,日経平均ブル２倍上場投信,ETF,貸借銘柄
1580,日経平均ベア上場投信,ETF,貸借銘柄
1585,ｉＦｒｅｅＥＴＦ　ＴＯＰＩＸ　Ｅｘ－Ｆｉｎａｎｃｉａｌｓ,ETF,貸借銘柄
1586,上場インデックスファンドＴＯＰＩＸ　Ｅｘ－Ｆｉｎａｎｃｉａｌｓ,ETF,貸借銘柄
1591,ＮＥＸＴ　ＦＵＮＤＳ　ＪＰＸ日経インデックス４００連動型上場投信,ETF,貸借銘柄
1592,上場インデックスファンドＪＰＸ日経インデックス４００,ETF,貸借銘柄
1593,ＭＡＸＩＳ　ＪＰＸ日経インデックス４００上場投信,ETF,貸借銘柄
1595,ＮＺＡＭ　上場投信　東証ＲＥＩＴ指数,ETF,貸借銘柄
1596,ＮＺＡＭ　上場投信　ＴＯＰＩＸ　Ｅｘ－Ｆｉｎａｎｃｉａｌｓ,ETF,貸借銘柄
1597,ＭＡＸＩＳ　Ｊリート上場投信,ETF,貸借銘柄
1599,ｉＦｒｅｅＥＴＦ　ＪＰＸ日経４００,ETF,貸借銘柄
159A,ＮＥＸＴ　ＦＵＮＤＳ　ＪＰＸプライム１５０指数連動型上場投信,ETF,貸借銘柄
1605,（株）ＩＮＰＥＸ,プライム,貸借銘柄
1615,ＮＥＸＴ　ＦＵＮＤＳ　東証銀行業株価指数連動型上場投信,ETF,貸借銘柄
1617,ＮＥＸＴ　ＦＵＮＤＳ　食品（ＴＯＰＩＸ－１７）上場投信,ETF,貸借銘柄
1618,ＮＥＸＴ　ＦＵＮＤＳ　エネルギー資源（ＴＯＰＩＸ－１７）上場投信,ETF,貸借銘柄
1619,ＮＥＸＴ　ＦＵＮＤＳ　建設・資材（ＴＯＰＩＸ－１７）上場投信,ETF,貸借銘柄
1620,ＮＥＸＴ　ＦＵＮＤＳ　素材・化学（ＴＯＰＩＸ－１７）上場投信,ETF,貸借銘柄
1621,ＮＥＸＴ　ＦＵＮＤＳ　医薬品（ＴＯＰＩＸ－１７）上場投信,ETF,貸借銘柄
1622,ＮＥＸＴ　ＦＵＮＤＳ　自動車・輸送機（ＴＯＰＩＸ－１７）上場投信,ETF,貸借銘柄
1623,ＮＥＸＴ　ＦＵＮＤＳ　鉄鋼・非鉄（ＴＯＰＩＸ－１７）上場投信,ETF,貸借銘柄
1624,ＮＥＸＴ　ＦＵＮＤＳ　機械（ＴＯＰＩＸ－１７）上場投信,ETF,貸借銘柄
1625,ＮＥＸＴ　ＦＵＮＤＳ　電機・精密（ＴＯＰＩＸ－１７）上場投信,ETF,貸借銘柄
1626,ＮＥＸＴ　ＦＵＮＤＳ　情報通信・サービスその他（ＴＯＰＩＸ－１７）上場投信,ETF,貸借銘柄
1627,ＮＥＸＴ　ＦＵＮＤＳ　電力・ガス（ＴＯＰＩＸ－１７）上場投信,ETF,貸借銘柄
1628,ＮＥＸＴ　ＦＵＮＤＳ　運輸・物流（ＴＯＰＩＸ－１７）上場投信,ETF,貸借銘柄
1629,ＮＥＸＴ　ＦＵＮＤＳ　商社・卸売（ＴＯＰＩＸ－１７）上場投信,ETF,貸借銘柄
1630,ＮＥＸＴ　ＦＵＮＤＳ　小売（ＴＯＰＩＸ－１７）上場投信,ETF,貸借銘柄
1631,ＮＥＸＴ　ＦＵＮＤＳ　銀行（ＴＯＰＩＸ－１７）上場投信,ETF,貸借銘柄
1632,ＮＥＸＴ　ＦＵＮＤＳ　金融（除く銀行）（ＴＯＰＩＸ－１７）上場投信,ETF,貸借銘柄
1633,ＮＥＸＴ　ＦＵＮＤＳ　不動産（ＴＯＰＩＸ－１７）上場投信,ETF,貸借銘柄
1651,ｉＦｒｅｅＥＴＦ　ＴＯＰＩＸ高配当４０指数,ETF,貸借銘柄
1652,ｉＦｒｅｅＥＴＦ　ＭＳＣＩ日本株女性活躍指数（ＷＩＮ）,ETF,貸借銘柄
1653,ｉＦｒｅｅＥＴＦ　ＭＳＣＩジャパンＥＳＧセレクト・リーダーズ指数,ETF,貸借銘柄
1654,ｉＦｒｅｅＥＴＦ　ＦＴＳＥ　ＪＰＸ　Ｂｌｏｓｓｏｍ　Ｊａｐａｎ　Ｉｎｄｅｘ,ETF,貸借銘柄
1655,ｉシェアーズ　Ｓ＆Ｐ　５００　米国株　ＥＴＦ,ETF,貸借銘柄
1656,ｉシェアーズ・コア　米国債７－１０年　ＥＴＦ,ETF,貸借銘柄
1657,ｉシェアーズ・コア　ＭＳＣＩ　先進国株（除く日本）ＥＴＦ,ETF,貸借銘柄
1658,ｉシェアーズ・コア　ＭＳＣＩ　新興国株　ＥＴＦ,ETF,貸借銘柄
1659,ｉシェアーズ　米国リート　ＥＴＦ,ETF,貸借銘柄
1660,ＭＡＸＩＳ高利回りＪリート上場投信,ETF,貸借銘柄
1662,石油資源開発（株）,プライム,貸借銘柄
1663,Ｋ＆Ｏエナジーグループ（株）,プライム,貸借銘柄
166A,（株）タスキホールディングス,プライム,貸借銘柄
1671,ＷＴＩ原油価格連動型上場投信,ETF,貸借銘柄
1672,ＷｉｓｄｏｍＴｒｅｅ　金上場投資信託,ETF,貸借銘柄
1673,ＷｉｓｄｏｍＴｒｅｅ　銀上場投資信託,ETF,貸借銘柄
1674,ＷｉｓｄｏｍＴｒｅｅ　白金上場投資信託,ETF,貸借銘柄
1675,ＷｉｓｄｏｍＴｒｅｅ　パラジウム上場投資信託,ETF,貸借銘柄
1676,ＷｉｓｄｏｍＴｒｅｅ　貴金属バスケット上場投資信託,ETF,貸借銘柄
1677,上場インデックスファンド海外債券（ＦＴＳＥ　ＷＧＢＩ）毎月分配型,ETF,貸借銘柄
1678,ＮＥＸＴ　ＦＵＮＤＳ　インド株式指数・Ｎｉｆｔｙ　５０　連動型上場投信,ETF,貸借銘柄
1679,Ｓｉｍｐｌｅ－Ｘ　ＮＹ　ダウ・ジョーンズ・インデックス上場投信,ETF,貸借銘柄
167A,リョーサン菱洋ホールディングス（株）,プライム,貸借銘柄
1680,上場インデックスファンド海外先進国株式（ＭＳＣＩ－ＫＯＫＵＳＡＩ）,ETF,貸借銘柄
1681,上場インデックスファンド海外新興国株式（ＭＳＣＩ　エマージング）,ETF,貸借銘柄
1684,ＷｉｓｄｏｍＴｒｅｅ　ブロード上場投資信託,ETF,貸借銘柄
1685,ＷｉｓｄｏｍＴｒｅｅ　エネルギー上場投資信託,ETF,貸借銘柄
1686,ＷｉｓｄｏｍＴｒｅｅ　産業用金属上場投資信託,ETF,貸借銘柄
1687,ＷｉｓｄｏｍＴｒｅｅ　農産物上場投資信託,ETF,貸借銘柄
1688,ＷｉｓｄｏｍＴｒｅｅ　穀物上場投資信託,ETF,貸借銘柄
1689,ＷｉｓｄｏｍＴｒｅｅ　天然ガス上場投資信託,ETF,貸借銘柄
1690,ＷｉｓｄｏｍＴｒｅｅ　ＷＴＩ　原油上場投資信託,ETF,貸借銘柄
1691,ＷｉｓｄｏｍＴｒｅｅ　ガソリン上場投資信託,ETF,貸借銘柄
1692,ＷｉｓｄｏｍＴｒｅｅ　アルミニウム上場投資信託,ETF,貸借銘柄
1693,ＷｉｓｄｏｍＴｒｅｅ　銅上場投資信託,ETF,貸借銘柄
1694,ＷｉｓｄｏｍＴｒｅｅ　ニッケル上場投資信託,ETF,貸借銘柄
1695,ＷｉｓｄｏｍＴｒｅｅ　小麦上場投資信託,ETF,貸借銘柄
1696,ＷｉｓｄｏｍＴｒｅｅ　とうもろこし上場投資信託,ETF,貸借銘柄
1697,ＷｉｓｄｏｍＴｒｅｅ　大豆上場投資信託,ETF,貸借銘柄
1698,上場インデックスファンド日本高配当（東証配当フォーカス１００）,ETF,貸借銘柄
1699,ＮＥＸＴ　ＦＵＮＤＳ　ＮＯＭＵＲＡ　原油インデックス連動型上場投信,ETF,貸借銘柄
170A,ＳＭＴ　ＥＴＦ日本好配当株アクティブ,ETF,貸借銘柄
1716,第一カッター興業（株）,スタンダード,貸借銘柄
1719,（株）安藤・間,プライム,貸借銘柄
1720,東急建設（株）,プライム,貸借銘柄
1721,コムシスホールディングス（株）,プライム,貸借銘柄
1762,（株）高松コンストラクショングループ,プライム,貸借銘柄
1766,東建コーポレーション（株）,プライム,貸借銘柄
1768,（株）ソネック,スタンダード,貸借銘柄
1780,（株）ヤマウラ,プライム,貸借銘柄
1786,オリエンタル白石（株）,プライム,貸借銘柄
178A,グローバルＸ　革新的優良企業　ＥＴＦ,ETF,貸借銘柄
1799,第一建設工業（株）,スタンダード,貸借銘柄
179A,グローバルＸ　超長期米国債　ＥＴＦ（為替ヘッジあり）,ETF,貸借銘柄
1801,大成建設（株）,プライム,貸借銘柄
1802,（株）大林組,プライム,貸借銘柄
1803,清水建設（株）,プライム,貸借銘柄
1808,（株）長谷工コーポレーション,プライム,貸借銘柄
180A,グローバルＸ　超長期米国債　ＥＴＦ,ETF,貸借銘柄
1810,松井建設（株）,スタンダード,貸借銘柄
1811,（株）錢高組,スタンダード,貸借銘柄
1812,鹿島建設（株）,プライム,貸借銘柄
1813,（株）不動テトラ,プライム,貸借銘柄
1814,大末建設（株）,プライム,貸借銘柄
1815,鉄建建設（株）,プライム,貸借銘柄
181A,ＭＡＸＩＳ米国国債１－３年上場投信（為替ヘッジなし）,ETF,貸借銘柄
1820,西松建設（株）,プライム,貸借銘柄
1822,大豊建設（株）,スタンダード,貸借銘柄
1826,佐田建設（株）,スタンダード,貸借銘柄
1827,（株）ナカノフドー建設,スタンダード,貸借銘柄
182A,ＭＡＸＩＳ米国国債２０年超上場投信（為替ヘッジなし）,ETF,貸借銘柄
1833,（株）奥村組,プライム,貸借銘柄
1835,東鉄工業（株）,プライム,貸借銘柄
183A,ＭＡＸＩＳ米国国債２０年超上場投信（為替ヘッジあり）,ETF,貸借銘柄
1840,（株）土屋ホールディングス,スタンダード,貸借銘柄
1848,（株）富士ピー・エス,スタンダード,貸借銘柄
1852,（株）淺沼組,プライム,貸借銘柄
1860,戸田建設（株）,プライム,貸借銘柄
1861,（株）熊谷組,プライム,貸借銘柄
1866,北野建設（株）,スタンダード,貸借銘柄
1867,（株）植木組,スタンダード,貸借銘柄
186A,（株）アストロスケールホールディングス,グロース,貸借銘柄
1870,矢作建設工業（株）,プライム,貸借銘柄
1871,ピーエス・コンストラクション（株）,プライム,貸借銘柄
1878,大東建託（株）,プライム,貸借銘柄
1879,新日本建設（株）,プライム,貸借銘柄
1882,東亜道路工業（株）,プライム,貸借銘柄
1885,東亜建設工業（株）,プライム,貸借銘柄
1887,日本国土開発（株）,プライム,貸借銘柄
1888,若築建設（株）,プライム,貸借銘柄
188A,グローバルＸ　インド・トップ１０＋　ＥＴＦ,ETF,貸借銘柄
1893,五洋建設（株）,プライム,貸借銘柄
1898,世紀東急工業（株）,プライム,貸借銘柄
1899,（株）福田組,プライム,貸借銘柄
1904,大成温調（株）,スタンダード,貸借銘柄
1909,日本ドライケミカル（株）,スタンダード,貸借銘柄
1911,住友林業（株）,プライム,貸借銘柄
1914,日本基礎技術（株）,スタンダード,貸借銘柄
1921,（株）巴コーポレーション,スタンダード,貸借銘柄
1925,大和ハウス工業（株）,プライム,貸借銘柄
1926,ライト工業（株）,プライム,貸借銘柄
1928,積水ハウス（株）,プライム,貸借銘柄
1929,日特建設（株）,プライム,貸借銘柄
1930,北陸電気工事（株）,プライム,貸借銘柄
1934,（株）ユアテック,プライム,貸借銘柄
1939,（株）四電工,プライム,貸借銘柄
1941,（株）中電工,プライム,貸借銘柄
1942,（株）関電工,プライム,貸借銘柄
1944,（株）きんでん,プライム,貸借銘柄
1945,（株）東京エネシス,プライム,貸借銘柄
1946,（株）トーエネック,プライム,貸借銘柄
1950,日本電設工業（株）,プライム,貸借銘柄
1951,エクシオグループ（株）,プライム,貸借銘柄
1952,新日本空調（株）,プライム,貸借銘柄
1959,（株）クラフティア,プライム,貸借銘柄
1961,三機工業（株）,プライム,貸借銘柄
1963,日揮ホールディングス（株）,プライム,貸借銘柄
1964,中外炉工業（株）,プライム,貸借銘柄
1965,（株）テクノ菱和,スタンダード,貸借銘柄
1966,（株）高田工業所,スタンダード,貸借銘柄
1967,（株）ヤマト,スタンダード,貸借銘柄
1968,太平電業（株）,プライム,貸借銘柄
1969,高砂熱学工業（株）,プライム,貸借銘柄
1972,三晃金属工業（株）,スタンダード,貸借銘柄
1975,（株）朝日工業社,プライム,貸借銘柄
1976,明星工業（株）,プライム,貸借銘柄
1979,（株）大氣社,プライム,貸借銘柄
197A,（株）タウンズ,スタンダード,貸借銘柄
1980,ダイダン（株）,プライム,貸借銘柄
1982,日比谷総合設備（株）,プライム,貸借銘柄
2001,（株）ニップン,プライム,貸借銘柄
2002,（株）日清製粉グループ本社,プライム,貸借銘柄
2003,日東富士製粉（株）,スタンダード,貸借銘柄
2004,昭和産業（株）,プライム,貸借銘柄
200A,ＮＥＸＴ　ＦＵＮＤＳ　日経半導体株指数連動型上場投信,ETF,貸借銘柄
2011,ＳＭＤＡＭ　Ａｃｔｉｖｅ　ＥＴＦ　日本高配当株式,ETF,貸借銘柄
2012,ｉシェアーズ　米国債０－３ヶ月　ＥＴＦ,ETF,貸借銘柄
2013,ｉシェアーズ　米国高配当株　ＥＴＦ,ETF,貸借銘柄
2014,ｉシェアーズ　米国連続増配株　ＥＴＦ,ETF,貸借銘柄
2015,ｉＦｒｅｅＥＴＦ　米国国債７－１０年（為替ヘッジなし）,ETF,貸借銘柄
2016,ｉＦｒｅｅＥＴＦ　米国国債７－１０年（為替ヘッジあり）,ETF,貸借銘柄
2017,ｉＦｒｅｅＥＴＦ　ＪＰＸプライム１５０,ETF,貸借銘柄
2018,グローバルＸ　ＵＳ　ＲＥＩＴ・トップ２０　ＥＴＦ,ETF,貸借銘柄
2019,グローバルＸ　米国優先証券　ＥＴＦ（隔月分配型）,ETF,貸借銘柄
201A,ｉシェアーズ　Ｎｉｆｔｙ　５０　インド株　ＥＴＦ,ETF,貸借銘柄
2053,中部飼料（株）,プライム,貸借銘柄
2055,日和産業（株）,スタンダード,貸借銘柄
2060,フィード・ワン（株）,プライム,貸借銘柄
2080,ＰＢＲ１倍割れ解消推進ＥＴＦ,ETF,貸借銘柄
2081,政策保有解消推進ＥＴＦ,ETF,貸借銘柄
2082,投資家経営者一心同体ＥＴＦ,ETF,貸借銘柄
2083,ＮＥＸＴ　ＦＵＮＤＳ　日本成長株アクティブ上場投信,ETF,貸借銘柄
2084,ＮＥＸＴ　ＦＵＮＤＳ　日本高配当株アクティブ上場投信,ETF,貸借銘柄
2085,ＭＡＸＩＳ高配当日本株アクティブ上場投信,ETF,貸借銘柄
2086,ＮＺＡＭ　上場投信　Ｓ＆Ｐ５００（為替ヘッジあり）,ETF,貸借銘柄
2087,ＮＺＡＭ　上場投信　ＮＡＳＤＡＱ１００（為替ヘッジあり）,ETF,貸借銘柄
2088,ＮＺＡＭ　上場投信　ＮＹダウ３０（為替ヘッジあり）,ETF,貸借銘柄
2089,ＮＺＡＭ　上場投信　ＤＡＸ（為替ヘッジあり）,ETF,貸借銘柄
2090,ＮＺＡＭ　上場投信　米国国債７－１０年（為替ヘッジあり）,ETF,貸借銘柄
2091,ＮＺＡＭ　上場投信　ドイツ国債７－１０年（為替ヘッジあり）,ETF,貸借銘柄
2092,ＮＺＡＭ　上場投信　フランス国債７－１０年（為替ヘッジあり）,ETF,貸借銘柄
2093,上場Ｔｒａｃｅｒｓ　米国債０－２年ラダー（為替ヘッジなし）,ETF,貸借銘柄
2094,東証ＲＥＩＴインバースＥＴＦ,ETF,貸借銘柄
2095,グローバルＸ　Ｓ＆Ｐ５００配当貴族　ＥＴＦ（為替ヘッジあり）,ETF,貸借銘柄
2096,グローバルＸ　オフィス・Ｊ－ＲＥＩＴ　ＥＴＦ,ETF,貸借銘柄
2097,グローバルＸ　レジデンシャル・Ｊ－ＲＥＩＴ　ＥＴＦ,ETF,貸借銘柄
2098,グローバルＸ　ホテル＆リテール・Ｊ－ＲＥＩＴ　ＥＴＦ,ETF,貸借銘柄
2108,日本甜菜製糖（株）,プライム,貸借銘柄
2109,ＤＭ三井製糖（株）,プライム,貸借銘柄
210A,ｉＦｒｅｅＥＴＦ　日経高利回りＲＥＩＴ指数,ETF,貸借銘柄
2112,塩水港精糖（株）,スタンダード,貸借銘柄
2114,フジ日本（株）,スタンダード,貸借銘柄
2117,ウェルネオシュガー（株）,プライム,貸借銘柄
2120,（株）ＬＩＦＵＬＬ,プライム,貸借銘柄
2121,（株）ＭＩＸＩ,プライム,貸借銘柄
2124,（株）ジェイエイシーリクルートメント,プライム,貸借銘柄
2127,（株）日本Ｍ＆Ａセンターホールディングス,プライム,貸借銘柄
2130,（株）メンバーズ,プライム,貸借銘柄
2138,クルーズ（株）,スタンダード,貸借銘柄
2139,（株）中広,スタンダード,貸借銘柄
213A,上場インデックスファンド日経半導体株,ETF,貸借銘柄
2146,ＵＴグループ（株）,プライム,貸借銘柄
2154,（株）オープンアップグループ,プライム,貸借銘柄
2157,（株）コシダカホールディングス,プライム,貸借銘柄
215A,（株）タイミー,グロース,貸借銘柄
2160,（株）ジーエヌアイグループ,グロース,貸借銘柄
2168,（株）パソナグループ,プライム,貸借銘柄
2169,ＣＤＳ（株）,スタンダード,貸借銘柄
2170,（株）リンクアンドモチベーション,プライム,貸借銘柄
2173,（株）博展,グロース,貸借銘柄
2175,（株）エス・エム・エス,プライム,貸借銘柄
2179,（株）成学社,スタンダード,貸借銘柄
2181,パーソルホールディングス（株）,プライム,貸借銘柄
2193,クックパッド（株）,スタンダード,貸借銘柄
2198,アイ・ケイ・ケイホールディングス（株）,プライム,貸借銘柄
219A,Ｈｅａｒｔｓｅｅｄ（株）,グロース,貸借銘柄
2201,森永製菓（株）,プライム,貸借銘柄
2204,（株）中村屋,スタンダード,貸借銘柄
2206,江崎グリコ（株）,プライム,貸借銘柄
2207,（株）ｍｅｉｔｏ,プライム,貸借銘柄
2211,（株）不二家,プライム,貸借銘柄
2212,山崎製パン（株）,プライム,貸借銘柄
2215,第一屋製パン（株）,スタンダード,貸借銘柄
2216,カンロ（株）,スタンダード,貸借銘柄
2217,モロゾフ（株）,プライム,貸借銘柄
221A,ＭＡＸＩＳ日経半導体株上場投信,ETF,貸借銘柄
2220,亀田製菓（株）,プライム,貸借銘柄
2222,寿スピリッツ（株）,プライム,貸借銘柄
2226,（株）湖池屋,スタンダード,貸借銘柄
2229,カルビー（株）,プライム,貸借銘柄
2235,上場インデックスファンド米国株式（ダウ平均）為替ヘッジなし,ETF,貸借銘柄
2236,グローバルＸ　Ｓ＆Ｐ５００配当貴族ＥＴＦ,ETF,貸借銘柄
2237,ｉＦｒｅｅＥＴＦ　Ｓ＆Ｐ５００レバレッジ,ETF,貸借銘柄
2238,ｉＦｒｅｅＥＴＦ　Ｓ＆Ｐ５００インバース,ETF,貸借銘柄
2239,上場インデックスファンドＳ＆Ｐ５００先物レバレッジ２倍,ETF,貸借銘柄
223A,グローバルＸ　ＡＩ＆ビッグデータ　ＥＴＦ,ETF,貸借銘柄
2240,上場インデックスファンドＳ＆Ｐ５００先物インバース,ETF,貸借銘柄
2241,ＭＡＸＩＳ　ＮＹダウ上場投信,ETF,貸借銘柄
2242,ＭＡＸＩＳ　ＮＹダウ上場投信（為替ヘッジあり）,ETF,貸借銘柄
2243,グローバルＸ　半導体　ＥＴＦ,ETF,貸借銘柄
2244,グローバルＸ　ＵＳ　テック・トップ２０　ＥＴＦ,ETF,貸借銘柄
2245,ＮＥＸＴ　ＦＵＮＤＳ　ブルームバーグ・ドイツ国債（７－１０年）インデックス（為替ヘッジあり）連動型上場投信,ETF,貸借銘柄
2247,ｉＦｒｅｅＥＴＦ　Ｓ＆Ｐ５００（為替ヘッジなし）,ETF,貸借銘柄
2248,ｉＦｒｅｅＥＴＦ　Ｓ＆Ｐ５００（為替ヘッジあり）,ETF,貸借銘柄
2249,ｉＦｒｅｅＥＴＦ　Ｓ＆Ｐ５００ダブルインバース,ETF,貸借銘柄
224A,グローバルＸ　ウラニウムビジネス　ＥＴＦ,ETF,貸借銘柄
2250,ｉシェアーズ　ＭＳＣＩ　ジャパン気候変動アクション　ＥＴＦ,ETF,貸借銘柄
2251,ＮＥＸＴ　ＦＵＮＤＳ　ＪＰＸ国債先物ダブルインバース指数連動型上場投信,ETF,貸借銘柄
2252,グローバルＸ　Ｍｏｒｎｉｎｇｓｔａｒ　米国中小型　Ｍｏａｔ　ＥＴＦ,ETF,貸借銘柄
2253,グローバルＸ　スーパーディビィデンド－ＵＳ　ＥＴＦ,ETF,貸借銘柄
2254,グローバルＸ　チャイナＥＶ＆バッテリー　ＥＴＦ,ETF,貸借銘柄
2255,ｉシェアーズ　米国債２０年超　ＥＴＦ,ETF,貸借銘柄
2256,ｉシェアーズ　米国総合債券　ＥＴＦ,ETF,貸借銘柄
2257,ｉシェアーズ　米ドル建て投資適格社債　ＥＴＦ,ETF,貸借銘柄
2258,ｉシェアーズ　米ドル建てハイイールド社債　ＥＴＦ,ETF,貸借銘柄
2259,ｉシェアーズ　フランス国債７－１０年　ＥＴＦ（為替ヘッジあり）,ETF,貸借銘柄
2264,森永乳業（株）,プライム,貸借銘柄
2266,六甲バター（株）,プライム,貸借銘柄
2267,（株）ヤクルト本社,プライム,貸借銘柄
2269,明治ホールディングス（株）,プライム,貸借銘柄
2270,雪印メグミルク（株）,プライム,貸借銘柄
2281,プリマハム（株）,プライム,貸借銘柄
2282,日本ハム（株）,プライム,貸借銘柄
2286,林兼産業（株）,スタンダード,貸借銘柄
2288,丸大食品（株）,プライム,貸借銘柄
2291,福留ハム（株）,スタンダード,貸借銘柄
2292,Ｓ　Ｆｏｏｄｓ（株）,プライム,貸借銘柄
2294,（株）柿安本店,プライム,貸借銘柄
2296,伊藤ハム米久ホールディングス（株）,プライム,貸借銘柄
2301,（株）学情,プライム,貸借銘柄
2304,（株）ＣＳＳホールディングス,スタンダード,貸借銘柄
2305,（株）スタジオアリス,スタンダード,貸借銘柄
2315,（株）ＣＡＩＣＡ　ＤＩＧＩＴＡＬ,スタンダード,貸借銘柄
2317,（株）システナ,プライム,貸借銘柄
2325,（株）ＮＪＳ,プライム,貸借銘柄
2326,デジタルアーツ（株）,プライム,貸借銘柄
2327,日鉄ソリューションズ（株）,プライム,貸借銘柄
2331,ＡＬＳＯＫ（株）,プライム,貸借銘柄
2332,（株）クエスト,スタンダード,貸借銘柄
2335,（株）キューブシステム,プライム,貸借銘柄
2337,いちご（株）,プライム,貸借銘柄
233A,ｉＦｒｅｅＥＴＦ　インドＮｉｆｔｙ５０,ETF,貸借銘柄
234A,グローバルＸ　ＭＳＣＩ　キャッシュフローキング－日本株式　ＥＴＦ,ETF,貸借銘柄
2353,日本駐車場開発（株）,プライム,貸借銘柄
2359,（株）コア,プライム,貸借銘柄
235A,グローバルＸ　高配当３０－日本株式　ＥＴＦ,ETF,貸借銘柄
236A,ｉシェアーズ　日本国債７－１０年　ＥＴＦ,ETF,貸借銘柄
2371,（株）カカクコム,プライム,貸借銘柄
2378,（株）ルネサンス,プライム,貸借銘柄
2379,ディップ（株）,プライム,貸借銘柄
237A,ｉシェアーズ　米国債２５年超　ロングデュレーション　ＥＴＦ,ETF,貸借銘柄
2384,ＳＢＳホールディングス（株）,プライム,貸借銘柄
238A,ｉシェアーズ　米国債２５年超　ロングデュレーション　ＥＴＦ（為替ヘッジあり）,ETF,貸借銘柄
2395,（株）新日本科学,プライム,貸借銘柄
2404,（株）鉄人化ホールディングス,スタンダード,貸借銘柄
2410,（株）キャリアデザインセンター,プライム,貸借銘柄
2411,ゲンダイエージェンシー（株）,スタンダード,貸借銘柄
2413,エムスリー（株）,プライム,貸借銘柄
2418,（株）ツカダ・グローバルホールディング,スタンダード,貸借銘柄
241A,（株）ＲＯＸＸ,グロース,貸借銘柄
2428,ウェルネット（株）,スタンダード,貸借銘柄
2429,（株）ワールドホールディングス,プライム,貸借銘柄
2432,（株）ディー・エヌ・エー,プライム,貸借銘柄
2433,（株）博報堂ＤＹホールディングス,プライム,貸借銘柄
2435,（株）シダー,スタンダード,貸借銘柄
2438,（株）アスカネット,グロース,貸借銘柄
2440,（株）ぐるなび,スタンダード,貸借銘柄
2445,（株）タカミヤ,スタンダード,貸借銘柄
2461,（株）ファンコミュニケーションズ,プライム,貸借銘柄
2462,ライク（株）,プライム,貸借銘柄
2464,（株）Ａｏｂａ‐ＢＢＴ,スタンダード,貸借銘柄
2471,（株）エスプール,プライム,貸借銘柄
2475,ＷＤＢホールディングス（株）,プライム,貸借銘柄
2477,手間いらず（株）,スタンダード,貸借銘柄
2484,（株）出前館,スタンダード,貸借銘柄
2485,（株）ティア,スタンダード,貸借銘柄
2489,（株）アドウェイズ,スタンダード,貸借銘柄
2491,バリューコマース（株）,プライム,貸借銘柄
2492,（株）インフォマート,プライム,貸借銘柄
2497,ユナイテッド（株）,グロース,貸借銘柄
2501,サッポロビール（株）,プライム,貸借銘柄
2502,アサヒグループホールディングス（株）,プライム,貸借銘柄
2503,キリンホールディングス（株）,プライム,貸借銘柄
2510,ＮＥＸＴ　ＦＵＮＤＳ　国内債券・ＮＯＭＵＲＡ－ＢＰＩ総合連動型上場投信,ETF,貸借銘柄
2511,ＮＥＸＴ　ＦＵＮＤＳ　外国債券・ＦＴＳＥ世界国債インデックス（除く日本・為替ヘッジなし）連動型上場投信,ETF,貸借銘柄
2512,ＮＥＸＴ　ＦＵＮＤＳ　外国債券・ＦＴＳＥ世界国債インデックス（除く日本・為替ヘッジあり）連動型上場投信,ETF,貸借銘柄
2513,ＮＥＸＴ　ＦＵＮＤＳ　外国株式・ＭＳＣＩ－ＫＯＫＵＳＡＩ指数（為替ヘッジなし）連動型上場投信,ETF,貸借銘柄
2514,ＮＥＸＴ　ＦＵＮＤＳ　外国株式・ＭＳＣＩ－ＫＯＫＵＳＡＩ指数（為替ヘッジあり）連動型上場投信,ETF,貸借銘柄
2515,ＮＥＸＴ　ＦＵＮＤＳ　外国ＲＥＩＴ・Ｓ＆Ｐ先進国ＲＥＩＴ指数（除く日本・為替ヘッジなし）連動型上場投信,ETF,貸借銘柄
2516,東証グロース２５０ＥＴＦ,ETF,貸借銘柄
2517,ＭＡＸＩＳ　Ｊリート・コア上場投信,ETF,貸借銘柄
2518,ＮＥＸＴ　ＦＵＮＤＳ　ＭＳＣＩ日本株女性活躍指数（セレクト）連動型上場投信,ETF,貸借銘柄
2519,ＮＥＸＴ　ＦＵＮＤＳ　新興国債券・Ｊ．Ｐ．モルガン・エマージング・マーケット・ボンド・インデックス・プラス（為替ヘッジなし）連動型上場投信,ETF,貸借銘柄
2520,ＮＥＸＴ　ＦＵＮＤＳ　新興国株式・ＭＳＣＩエマージング・マーケット・インデックス（為替ヘッジなし）連動型上場投信,ETF,貸借銘柄
2521,上場インデックスファンド米国株式（Ｓ＆Ｐ５００）為替ヘッジあり,ETF,貸借銘柄
2522,ｉシェアーズ　オートメーション　＆　ロボット　ＥＴＦ,ETF,貸借銘柄
2523,ＭＡＸＩＳトピックス（除く金融）上場投信,ETF,貸借銘柄
2524,ＮＺＡＭ　上場投信　ＴＯＰＩＸ,ETF,貸借銘柄
2525,ＮＺＡＭ　上場投信　日経２２５,ETF,貸借銘柄
2526,ＮＺＡＭ　上場投信　ＪＰＸ日経４００,ETF,貸借銘柄
2527,ＮＺＡＭ　上場投信　東証ＲＥＩＴ　Ｃｏｒｅ指数,ETF,貸借銘柄
2528,ｉＦｒｅｅＥＴＦ　東証ＲＥＩＴ　Ｃｏｒｅ指数,ETF,貸借銘柄
2529,ＮＥＸＴ　ＦＵＮＤＳ　野村株主還元７０連動型上場投信,ETF,貸借銘柄
2530,ＭＡＸＩＳ　ＨｕａＡｎ中国株式（上海１８０Ａ株）上場投信,ETF,貸借銘柄
2531,宝ホールディングス（株）,プライム,貸借銘柄
2533,オエノンホールディングス（株）,プライム,貸借銘柄
253A,（株）ＥＴＳグループ,スタンダード,貸借銘柄
2552,上場インデックスファンドＪリート（東証ＲＥＩＴ指数）隔月分配型（ミニ）,ETF,貸借銘柄
2553,Ｏｎｅ　ＥＴＦ　南方　中国Ａ株　ＣＳＩ５００,ETF,貸借銘柄
2554,ＮＥＸＴ　ＦＵＮＤＳ　ブルームバーグ米国投資適格社債（１－１０年）インデックス（為替ヘッジあり）連動型上場投信,ETF,貸借銘柄
2555,東証ＲＥＩＴ　ＥＴＦ,ETF,貸借銘柄
2556,Ｏｎｅ　ＥＴＦ　東証ＲＥＩＴ指数,ETF,貸借銘柄
2557,ＳＭＤＡＭ　トピックス上場投信,ETF,貸借銘柄
2558,ＭＡＸＩＳ米国株式（Ｓ＆Ｐ５００）上場投信,ETF,貸借銘柄
2559,ＭＡＸＩＳ全世界株式（オール・カントリー）上場投信,ETF,貸借銘柄
255A,ジーエルテクノホールディングス（株）,スタンダード,貸借銘柄
2560,ＭＡＸＩＳカーボン・エフィシェント日本株上場投信,ETF,貸借銘柄
2561,ｉシェアーズ・コア　日本国債　ＥＴＦ,ETF,貸借銘柄
2562,上場インデックスファンド米国株式（ダウ平均）為替ヘッジあり,ETF,貸借銘柄
2563,ｉシェアーズ　Ｓ＆Ｐ　５００　米国株　ＥＴＦ（為替ヘッジあり）,ETF,貸借銘柄
2564,グローバルＸ　ＭＳＣＩスーパーディビィデンド－日本株式　ＥＴＦ,ETF,貸借銘柄
2565,グローバルＸ　ロジスティクス・Ｊ－ＲＥＩＴ　ＥＴＦ,ETF,貸借銘柄
2566,上場インデックスファンド日経ＥＳＧリート,ETF,貸借銘柄
2567,ＮＺＡＭ　上場投信　Ｓ＆Ｐ／ＪＰＸカーボン・エフィシェント指数,ETF,貸借銘柄
2568,上場インデックスファンド米国株式（ＮＡＳＤＡＱ１００）為替ヘッジなし,ETF,貸借銘柄
2569,上場インデックスファンド米国株式（ＮＡＳＤＡＱ１００）為替ヘッジあり,ETF,貸借銘柄
256A,飛島ホールディングス（株）,プライム,貸借銘柄
2579,コカ・コーラ　ボトラーズジャパンホールディングス（株）,プライム,貸借銘柄
257A,ＳＭＴ　ＥＴＦ日本株厳選投資アクティブ,ETF,貸借銘柄
2585,（株）ライフドリンク　カンパニー,プライム,貸借銘柄
2587,サントリービバレッジ＆フード（株）,プライム,貸借銘柄
258A,ＳＭＴ　ＥＴＦ国内リート厳選投資アクティブ,ETF,貸借銘柄
2590,ダイドーグループホールディングス（株）,プライム,貸借銘柄
2593,（株）伊藤園,プライム,貸借銘柄
2594,キーコーヒー（株）,プライム,貸借銘柄
2602,日清オイリオグループ（株）,プライム,貸借銘柄
2607,不二製油（株）,プライム,貸借銘柄
2613,（株）Ｊ－オイルミルズ,プライム,貸借銘柄
2620,ｉシェアーズ　米国債１－３年　ＥＴＦ,ETF,貸借銘柄
2621,ｉシェアーズ　米国債２０年超　ＥＴＦ（為替ヘッジあり）,ETF,貸借銘柄
2622,ｉシェアーズ　米ドル建て新興国債券　ＥＴＦ（為替ヘッジあり）,ETF,貸借銘柄
2623,ｉシェアーズ　ユーロ建て投資適格社債　ＥＴＦ（為替ヘッジあり）,ETF,貸借銘柄
2624,ｉＦｒｅｅＥＴＦ　日経２２５（年４回決算型）,ETF,貸借銘柄
2625,ｉＦｒｅｅＥＴＦ　ＴＯＰＩＸ（年４回決算型）,ETF,貸借銘柄
2626,グローバルＸ　デジタル・イノベーション－日本株式　ＥＴＦ,ETF,貸借銘柄
2627,グローバルＸ　ｅコマース－日本株式　ＥＴＦ,ETF,貸借銘柄
2628,ｉＦｒｅｅＥＴＦ　中国科創板５０（ＳＴＡＲ５０）,ETF,貸借銘柄
2629,ｉＦｒｅｅＥＴＦ　中国グレーターベイエリア・イノベーション１００（ＧＢＡ１００）,ETF,貸借銘柄
2630,ＭＡＸＩＳ米国株式（Ｓ＆Ｐ５００）上場投信（為替ヘッジあり）,ETF,貸借銘柄
2631,ＭＡＸＩＳナスダック１００上場投信,ETF,貸借銘柄
2632,ＭＡＸＩＳナスダック１００上場投信（為替ヘッジあり）,ETF,貸借銘柄
2633,ＮＥＸＴ　ＦＵＮＤＳ　Ｓ＆Ｐ　５００　指数（為替ヘッジなし）連動型上場投信,ETF,貸借銘柄
2634,ＮＥＸＴ　ＦＵＮＤＳ　Ｓ＆Ｐ　５００　指数（為替ヘッジあり）連動型上場投信,ETF,貸借銘柄
2636,グローバルＸ　ＭＳＣＩ　ガバナンス・クオリティ－日本株式　ＥＴＦ,ETF,貸借銘柄
2637,グローバルＸ　クリーンテック－日本株式　ＥＴＦ,ETF,貸借銘柄
2638,グローバルＸ　ロボティクス＆ＡＩ－日本株式　ＥＴＦ,ETF,貸借銘柄
2639,グローバルＸ　バイオ＆メドテック－日本株式　ＥＴＦ,ETF,貸借銘柄
2640,グローバルＸ　ゲーム＆アニメ－日本株式　ＥＴＦ,ETF,貸借銘柄
2641,グローバルＸ　グローバルリーダーズ－日本株式　ＥＴＦ,ETF,貸借銘柄
2642,ＳＭＴ　ＥＴＦカーボン・エフィシェント日本株,ETF,貸借銘柄
2643,ＮＥＸＴ　ＦＵＮＤＳ　ＭＳＣＩジャパンカントリー指数（セレクト）連動型上場投信,ETF,貸借銘柄
2644,グローバルＸ　半導体関連－日本株式　ＥＴＦ,ETF,貸借銘柄
2645,グローバルＸ　レジャー＆エンターテインメント－日本株式　ＥＴＦ,ETF,貸借銘柄
2646,グローバルＸ　メタルビジネス－日本株式　ＥＴＦ,ETF,貸借銘柄
2647,ＮＥＸＴ　ＦＵＮＤＳ　ブルームバーグ米国国債（７－１０年）インデックス（為替ヘッジなし）連動型上場投信,ETF,貸借銘柄
2648,ＮＥＸＴ　ＦＵＮＤＳ　ブルームバーグ米国国債（７－１０年）インデックス（為替ヘッジあり）連動型上場投信,ETF,貸借銘柄
2649,ｉシェアーズ　米国政府系機関ジニーメイＭＢＳ　ＥＴＦ（為替ヘッジあり）,ETF,貸借銘柄
2652,（株）まんだらけ,スタンダード,貸借銘柄
2654,（株）アスモ,スタンダード,貸借銘柄
2659,（株）サンエー,プライム,貸借銘柄
2664,（株）カワチ薬品,プライム,貸借銘柄
2667,（株）イメージ　ワン,スタンダード,貸借銘柄
2669,カネ美食品（株）,スタンダード,貸借銘柄
2670,（株）エービーシー・マート,プライム,貸借銘柄
2674,（株）ハードオフコーポレーション,プライム,貸借銘柄
2676,高千穂交易（株）,プライム,貸借銘柄
2678,アスクル（株）,プライム,貸借銘柄
2681,（株）ゲオホールディングス,プライム,貸借銘柄
2685,（株）アンドエスティＨＤ,プライム,貸借銘柄
2687,（株）シー・ヴイ・エス・ベイエリア,スタンダード,貸借銘柄
2689,オルバヘルスケアホールディングス（株）,スタンダード,貸借銘柄
2694,（株）焼肉坂井ホールディングス,スタンダード,貸借銘柄
2695,くら寿司（株）,プライム,貸借銘柄
2698,（株）キャンドゥ,スタンダード,貸借銘柄
2702,日本マクドナルドホールディングス（株）,スタンダード,貸借銘柄
2705,（株）大戸屋ホールディングス,スタンダード,貸借銘柄
2722,（株）ＩＫホールディングス,スタンダード,貸借銘柄
2726,（株）パルグループホールディングス,プライム,貸借銘柄
2730,（株）エディオン,プライム,貸借銘柄
2733,（株）あらた,プライム,貸借銘柄
2734,（株）サーラコーポレーション,プライム,貸借銘柄
2735,（株）ワッツ,スタンダード,貸借銘柄
273A,ＳＢＩ　サウジアラビア株式上場投信,ETF,貸借銘柄
2742,（株）ハローズ,プライム,貸借銘柄
2749,（株）ＪＰホールディングス,プライム,貸借銘柄
2750,石光商事（株）,スタンダード,貸借銘柄
2751,（株）テンポスホールディングス,スタンダード,貸借銘柄
2752,（株）フジオフードグループ本社,プライム,貸借銘柄
2760,東京エレクトロン　デバイス（株）,プライム,貸借銘柄
2768,双日（株）,プライム,貸借銘柄
2778,パレモ・ホールディングス（株）,スタンダード,貸借銘柄
2782,（株）セリア,スタンダード,貸借銘柄
2784,アルフレッサ　ホールディングス（株）,プライム,貸借銘柄
2791,大黒天物産（株）,プライム,貸借銘柄
2792,（株）ハニーズホールディングス,プライム,貸借銘柄
2796,ファーマライズホールディングス（株）,スタンダード,貸借銘柄
2801,キッコーマン（株）,プライム,貸借銘柄
2802,味の素（株）,プライム,貸借銘柄
2804,ブルドックソース（株）,プライム,貸借銘柄
2809,キユーピー（株）,プライム,貸借銘柄
2810,ハウス食品グループ本社（株）,プライム,貸借銘柄
2811,カゴメ（株）,プライム,貸借銘柄
2815,アリアケジャパン（株）,プライム,貸借銘柄
2816,（株）ダイショー,スタンダード,貸借銘柄
2818,（株）ピエトロ,スタンダード,貸借銘柄
2819,エバラ食品工業（株）,スタンダード,貸借銘柄
282A,グローバルＸ　半導体・トップ１０－日本株式　ＥＴＦ,ETF,貸借銘柄
2836,グローバルＸ　フィンテック－日本株式　ＥＴＦ,ETF,貸借銘柄
2837,グローバルＸ　中小型リーダーズ－日本株式　ＥＴＦ,ETF,貸借銘柄
2838,ＭＡＸＩＳ米国国債７－１０年上場投信（為替ヘッジなし）,ETF,貸借銘柄
2839,ＭＡＸＩＳ米国国債７－１０年上場投信（為替ヘッジあり）,ETF,貸借銘柄
283A,グローバルＸ　ＵＳ　テック・配当貴族　ＥＴＦ,ETF,貸借銘柄
2840,ｉＦｒｅｅＥＴＦ　ＮＡＳＤＡＱ１００（為替ヘッジなし）,ETF,貸借銘柄
2841,ｉＦｒｅｅＥＴＦ　ＮＡＳＤＡＱ１００（為替ヘッジあり）,ETF,貸借銘柄
2842,ｉＦｒｅｅＥＴＦ　ＮＡＳＤＡＱ１００インバース,ETF,貸借銘柄
2843,上場インデックスファンド豪州国債（為替ヘッジあり）,ETF,貸借銘柄
2844,上場インデックスファンド豪州国債（為替ヘッジなし）,ETF,貸借銘柄
2845,ＮＥＸＴ　ＦＵＮＤＳ　ＮＡＳＤＡＱ－１００（為替ヘッジあり）連動型上場投信,ETF,貸借銘柄
2846,ＮＥＸＴ　ＦＵＮＤＳ　ダウ・ジョーンズ工業株３０種平均株価（為替ヘッジあり）連動型上場投信,ETF,貸借銘柄
2847,グローバルＸ　新成長インフラ－日本株式　ＥＴＦ,ETF,貸借銘柄
2848,グローバルＸ　ＭＳＣＩ　気候変動対応－日本株式　ＥＴＦ,ETF,貸借銘柄
2849,グローバルＸ　Ｍｏｒｎｉｎｇｓｔａｒ　高配当　ＥＳＧ－日本株式　ＥＴＦ,ETF,貸借銘柄
2851,ｉシェアーズ　ＭＳＣＩ　ジャパンＳＲＩ　ＥＴＦ,ETF,貸借銘柄
2852,ｉシェアーズ　グリーンＪリート　ＥＴＦ,ETF,貸借銘柄
2853,ｉシェアーズ　気候リスク調整世界国債　ＥＴＦ（除く日本・為替ヘッジあり）,ETF,貸借銘柄
2854,グローバルＸ　テック・トップ２０－日本株式　ＥＴＦ,ETF,貸借銘柄
2855,グローバルＸ　グリーン・Ｊ－ＲＥＩＴ　ＥＴＦ,ETF,貸借銘柄
2856,ｉシェアーズ　米国債３－７年　ＥＴＦ（為替ヘッジあり）,ETF,貸借銘柄
2857,ｉシェアーズ　ドイツ国債　ＥＴＦ（為替ヘッジあり）,ETF,貸借銘柄
2858,グローバルＸ　日経２２５　カバード・コール　ＥＴＦ（プレミアム再投資型）,ETF,貸借銘柄
2859,ＮＥＸＴ　ＦＵＮＤＳ　ユーロ・ストックス５０指数（為替ヘッジあり）連動型上場投信,ETF,貸借銘柄
285A,キオクシアホールディングス（株）,プライム,貸借銘柄
2860,ＮＥＸＴ　ＦＵＮＤＳ　ドイツ株式・ＤＡＸ（為替ヘッジあり）連動型上場投信,ETF,貸借銘柄
2861,上場インデックスファンドフランス国債（為替ヘッジなし）,ETF,貸借銘柄
2862,上場インデックスファンドフランス国債（為替ヘッジあり）,ETF,貸借銘柄
2864,グローバルＸ　ロジスティクス・ＲＥＩＴ　ＥＴＦ,ETF,貸借銘柄
2865,グローバルＸ　ＮＡＳＤＡＱ１００・カバード・コール　ＥＴＦ,ETF,貸借銘柄
2866,グローバルＸ　米国優先証券　ＥＴＦ,ETF,貸借銘柄
2867,グローバルＸ　自動運転＆ＥＶ　ＥＴＦ,ETF,貸借銘柄
2868,グローバルＸ　Ｓ＆Ｐ５００・カバード・コール　ＥＴＦ,ETF,貸借銘柄
2869,ｉＦｒｅｅＥＴＦ　ＮＡＳＤＡＱ１００レバレッジ,ETF,貸借銘柄
286A,（株）ユカリア,グロース,貸借銘柄
2870,ｉＦｒｅｅＥＴＦ　ＮＡＳＤＡＱ１００ダブルインバース,ETF,貸借銘柄
2871,（株）ニチレイ,プライム,貸借銘柄
2874,横浜冷凍（株）,プライム,貸借銘柄
2875,東洋水産（株）,プライム,貸借銘柄
2882,（株）イートアンドホールディングス,プライム,貸借銘柄
2884,（株）ヨシムラ・フード・ホールディングス,プライム,貸借銘柄
2897,日清食品ホールディングス（株）,プライム,貸借銘柄
2903,シノブフーズ（株）,スタンダード,貸借銘柄
2904,一正蒲鉾（株）,スタンダード,貸借銘柄
2907,（株）あじかん,スタンダード,貸借銘柄
2908,フジッコ（株）,プライム,貸借銘柄
2910,（株）ロック・フィールド,プライム,貸借銘柄
2914,日本たばこ産業（株）,プライム,貸借銘柄
2915,ケンコーマヨネーズ（株）,プライム,貸借銘柄
2918,わらべや日洋ホールディングス（株）,プライム,貸借銘柄
2922,（株）なとり,プライム,貸借銘柄
2924,イフジ産業（株）,スタンダード,貸借銘柄
2926,（株）篠崎屋,スタンダード,貸借銘柄
2929,（株）ファーマフーズ,プライム,貸借銘柄
2930,（株）北の達人コーポレーション,プライム,貸借銘柄
2931,（株）ユーグレナ,プライム,貸借銘柄
2933,（株）紀文食品,プライム,貸借銘柄
2936,ベースフード（株）,グロース,貸借銘柄
2937,（株）サンクゼール,グロース,貸借銘柄
2938,（株）オカムラ食品工業,スタンダード,貸借銘柄
294A,ＮＥＸＴ　ＦＵＮＤＳ　ＭＳＣＩジャパン気候変動指数（セレクト）連動型上場投信,ETF,貸借銘柄
295A,Ｏｎｅ　ＥＴＦ　ＦＴＳＥ・サウジアラビア・インデックス,ETF,貸借銘柄
296A,令和アカウンティング・ホールディングス（株）,グロース,貸借銘柄
2971,エスコンジャパンリート投資法人,REIT,貸借銘柄
2975,スター・マイカ・ホールディングス（株）,プライム,貸借銘柄
2979,ＳＯＳｉＬＡ物流リート投資法人,REIT,貸借銘柄
2980,ＳＲＥホールディングス（株）,プライム,貸借銘柄
2982,（株）ＡＤワークスグループ,プライム,貸借銘柄
2984,ヤマイチエステート（株）,スタンダード,貸借銘柄
2986,（株）ＬＡホールディングス,グロース,貸借銘柄
299A,クラシル（株）,グロース,貸借銘柄
3001,片倉工業（株）,スタンダード,貸借銘柄
3002,グンゼ（株）,プライム,貸借銘柄
3003,ヒューリック（株）,プライム,貸借銘柄
3004,神栄（株）,スタンダード,貸借銘柄
3023,ラサ商事（株）,スタンダード,貸借銘柄
3028,（株）アルペン,プライム,貸借銘柄
3031,（株）ラクーンホールディングス,プライム,貸借銘柄
3034,クオールホールディングス（株）,プライム,貸借銘柄
3035,ケイティケイ（株）,スタンダード,貸借銘柄
3036,アルコニックス（株）,プライム,貸借銘柄
3038,（株）神戸物産,プライム,貸借銘柄
3041,（株）ビューティカダンホールディングス,スタンダード,貸借銘柄
3042,（株）セキュアヴェイル,スタンダード,貸借銘柄
3046,（株）ジンズホールディングス,プライム,貸借銘柄
3048,（株）ビックカメラ,プライム,貸借銘柄
3050,ＤＣＭホールディングス（株）,プライム,貸借銘柄
3053,（株）ペッパーフードサービス,スタンダード,貸借銘柄
3058,（株）三洋堂ホールディングス,スタンダード,貸借銘柄
3059,ヒラキ（株）,スタンダード,貸借銘柄
3063,（株）ジェイグループホールディングス,グロース,貸借銘柄
3064,（株）ＭｏｎｏｔａＲＯ,プライム,貸借銘柄
3067,（株）東京一番フーズ,スタンダード,貸借銘柄
3069,（株）ＪＦＬＡホールディングス,スタンダード,貸借銘柄
3076,あい　ホールディングス（株）,プライム,貸借銘柄
3077,ホリイフードサービス（株）,スタンダード,貸借銘柄
3079,ディーブイエックス（株）,スタンダード,貸借銘柄
3082,（株）きちりホールディングス,スタンダード,貸借銘柄
3086,Ｊ．フロント　リテイリング（株）,プライム,貸借銘柄
3087,（株）ドトール・日レスホールディングス,プライム,貸借銘柄
3088,（株）マツキヨココカラ＆カンパニー,プライム,貸借銘柄
3089,テクノアルファ（株）,スタンダード,貸借銘柄
3092,（株）ＺＯＺＯ,プライム,貸借銘柄
3093,（株）トレジャー・ファクトリー,プライム,貸借銘柄
3097,（株）物語コーポレーション,プライム,貸借銘柄
3099,（株）三越伊勢丹ホールディングス,プライム,貸借銘柄
3101,東洋紡（株）,プライム,貸借銘柄
3103,ユニチカ（株）,スタンダード,貸借銘柄
3104,富士紡ホールディングス（株）,プライム,貸借銘柄
3105,日清紡ホールディングス（株）,プライム,貸借銘柄
3106,倉敷紡績（株）,プライム,貸借銘柄
3107,ダイワボウホールディングス（株）,プライム,貸借銘柄
3109,シキボウ（株）,プライム,貸借銘柄
3110,日東紡績（株）,プライム,貸借銘柄
3116,トヨタ紡織（株）,プライム,貸借銘柄
3121,マーチャント・バンカーズ（株）,スタンダード,貸借銘柄
3132,マクニカホールディングス（株）,プライム,貸借銘柄
3134,Ｈａｍｅｅ（株）,スタンダード,貸借銘柄
3135,（株）マーケットエンタープライズ,スタンダード,貸借銘柄
3137,（株）ファンデリー,スタンダード,貸借銘柄
3139,（株）ラクト・ジャパン,プライム,貸借銘柄
313A,ｉシェアーズ　Ｓ＆Ｐ　５００　トップ　２０　ＥＴＦ,ETF,貸借銘柄
3140,ＢＲＵＮＯ（株）,グロース,貸借銘柄
3148,（株）クリエイトＳＤホールディングス,プライム,貸借銘柄
314A,ｉシェアーズ　ゴールド　ＥＴＦ,ETF,貸借銘柄
3150,（株）グリムス,プライム,貸借銘柄
3151,（株）バイタルケーエスケー・ホールディングス,プライム,貸借銘柄
3154,メディアスホールディングス（株）,プライム,貸借銘柄
3156,（株）レスター,プライム,貸借銘柄
3159,丸善ＣＨＩホールディングス（株）,スタンダード,貸借銘柄
315A,グローバルＸ　銀行　高配当－日本株式　ＥＴＦ,ETF,貸借銘柄
3160,（株）大光,スタンダード,貸借銘柄
3166,ＯＣＨＩホールディングス（株）,スタンダード,貸借銘柄
3167,（株）ＴＯＫＡＩホールディングス,プライム,貸借銘柄
3168,（株）ＭＥＲＦ,スタンダード,貸借銘柄
316A,ｉＦｒｅｅＥＴＦ　ＦＡＮＧ＋,ETF,貸借銘柄
3172,ティーライフ（株）,スタンダード,貸借銘柄
3176,三洋貿易（株）,プライム,貸借銘柄
3178,チムニー（株）,スタンダード,貸借銘柄
3179,シュッピン（株）,プライム,貸借銘柄
3180,（株）ビューティガレージ,プライム,貸借銘柄
3182,オイシックス（株）,プライム,貸借銘柄
3183,ウイン・パートナーズ（株）,プライム,貸借銘柄
3186,（株）ネクステージ,プライム,貸借銘柄
3187,（株）ミラタップ,グロース,貸借銘柄
318A,ＶＩＸ短期先物指数ＥＴＦ,ETF,貸借銘柄
3191,（株）ジョイフル本田,プライム,貸借銘柄
3193,（株）エターナルホスピタリティグループ,プライム,貸借銘柄
3195,（株）ジェネレーションパス,スタンダード,貸借銘柄
3196,（株）ホットランドホールディングス,プライム,貸借銘柄
3197,（株）すかいらーくホールディングス,プライム,貸借銘柄
3199,綿半ホールディングス（株）,プライム,貸借銘柄
3201,日本毛織（株）,プライム,貸借銘柄
3204,（株）トーア紡コーポレーション,スタンダード,貸借銘柄
3205,（株）ダイドーリミテッド,スタンダード,貸借銘柄
3221,（株）ヨシックスホールディングス,プライム,貸借銘柄
3222,ユナイテッド・スーパーマーケット・ホールディングス（株）,スタンダード,貸借銘柄
3226,三井不動産アコモデーションファンド投資法人,REIT,貸借銘柄
3231,野村不動産ホールディングス（株）,プライム,貸借銘柄
3232,三重交通グループホールディングス（株）,プライム,貸借銘柄
3234,森ヒルズリート投資法人,REIT,貸借銘柄
3241,（株）ウィル,スタンダード,貸借銘柄
3242,（株）アーバネットコーポレーション,スタンダード,貸借銘柄
3245,（株）ディア・ライフ,プライム,貸借銘柄
3249,産業ファンド投資法人,REIT,貸借銘柄
3252,地主（株）,プライム,貸借銘柄
325A,（株）ＴＥＮＴＩＡＬ,グロース,貸借銘柄
3269,アドバンス・レジデンス投資法人,REIT,貸借銘柄
3276,（株）ＪＰＭＣ,プライム,貸借銘柄
3277,（株）サンセイランディック,スタンダード,貸借銘柄
3279,アクティビア・プロパティーズ投資法人,REIT,貸借銘柄
3280,（株）エストラスト,スタンダード,貸借銘柄
3281,ＧＬＰ投資法人,REIT,貸借銘柄
3282,コンフォリア・レジデンシャル投資法人,REIT,貸借銘柄
3283,日本プロロジスリート投資法人,REIT,貸借銘柄
3284,（株）フージャースホールディングス,プライム,貸借銘柄
3287,星野リゾート・リート投資法人,REIT,貸借銘柄
3288,（株）オープンハウスグループ,プライム,貸借銘柄
3289,東急不動産ホールディングス（株）,プライム,貸借銘柄
328A,グローバルＸ　プライシングパワー・リーダーズ－日本株式　ＥＴＦ,ETF,貸借銘柄
3290,Ｏｎｅリート投資法人,REIT,貸借銘柄
3291,飯田グループホールディングス（株）,プライム,貸借銘柄
3292,イオンリート投資法人,REIT,貸借銘柄
3295,ヒューリックリート投資法人,REIT,貸借銘柄
3296,日本リート投資法人,REIT,貸借銘柄
3299,（株）ムゲンエステート,スタンダード,貸借銘柄
3302,帝国繊維（株）,プライム,貸借銘柄
3309,積水ハウス・リート投資法人,REIT,貸借銘柄
3315,日本コークス工業（株）,プライム,貸借銘柄
3320,クロスプラス（株）,スタンダード,貸借銘柄
3321,ミタチ産業（株）,スタンダード,貸借銘柄
3329,東和フードサービス（株）,スタンダード,貸借銘柄
332A,ミーク（株）,グロース,貸借銘柄
3333,（株）あさひ,プライム,貸借銘柄
3349,（株）コスモス薬品,プライム,貸借銘柄
3359,（株）ｃｏｔｔａ,グロース,貸借銘柄
3360,シップヘルスケアホールディングス（株）,プライム,貸借銘柄
3371,（株）ソフトクリエイトホールディングス,プライム,貸借銘柄
3372,（株）関門海,スタンダード,貸借銘柄
3374,内外テック（株）,スタンダード,貸借銘柄
3377,（株）バイク王＆カンパニー,スタンダード,貸借銘柄
3382,（株）セブン＆アイ・ホールディングス,プライム,貸借銘柄
3386,コスモ・バイオ（株）,スタンダード,貸借銘柄
3387,（株）クリエイト・レストランツ・ホールディングス,プライム,貸借銘柄
3388,明治電機工業（株）,プライム,貸借銘柄
3391,（株）ツルハホールディングス,プライム,貸借銘柄
3393,スターティアホールディングス（株）,プライム,貸借銘柄
3395,（株）サンマルクホールディングス,プライム,貸借銘柄
3397,（株）トリドールホールディングス,プライム,貸借銘柄
3399,（株）丸千代山岡家,スタンダード,貸借銘柄
3401,帝人（株）,プライム,貸借銘柄
3402,東レ（株）,プライム,貸借銘柄
3405,（株）クラレ,プライム,貸借銘柄
3407,旭化成（株）,プライム,貸借銘柄
3415,（株）ＴＯＫＹＯ　ＢＡＳＥ,プライム,貸借銘柄
3422,（株）Ｊ－ＭＡＸ,スタンダード,貸借銘柄
3423,（株）エスイー,スタンダード,貸借銘柄
3431,宮地エンジニアリンググループ（株）,プライム,貸借銘柄
3433,トーカロ（株）,プライム,貸借銘柄
3436,（株）ＳＵＭＣＯ,プライム,貸借銘柄
3443,川田テクノロジーズ（株）,プライム,貸借銘柄
3444,（株）菊池製作所,スタンダード,貸借銘柄
3445,（株）ＲＳ　Ｔｅｃｈｎｏｌｏｇｉｅｓ,プライム,貸借銘柄
3446,（株）ジェイテックコーポレーション,スタンダード,貸借銘柄
3449,（株）テクノフレックス,スタンダード,貸借銘柄
3452,（株）ビーロット,スタンダード,貸借銘柄
3454,ファーストブラザーズ（株）,スタンダード,貸借銘柄
3455,ヘルスケア＆メディカル投資法人,REIT,貸借銘柄
3457,（株）Ａｎｄ　Ｄｏホールディングス,プライム,貸借銘柄
3459,サムティ・レジデンシャル投資法人,REIT,貸借銘柄
3462,野村不動産マスターファンド投資法人,REIT,貸借銘柄
3465,ケイアイスター不動産（株）,プライム,貸借銘柄
3466,ラサールロジポート投資法人,REIT,貸借銘柄
3468,スターアジア不動産投資法人,REIT,貸借銘柄
346A,ＮＥＸＴ　ＦＵＮＤＳ　Ｓ＆Ｐ　５００　半導体・半導体製造装置３５％キャップ指数連動型上場投信,ETF,貸借銘柄
3471,三井不動産ロジスティクスパーク投資法人,REIT,貸借銘柄
3475,（株）グッドコムアセット,プライム,貸借銘柄
3476,投資法人みらい,REIT,貸借銘柄
3479,（株）ＴＫＰ,グロース,貸借銘柄
3480,（株）ジェイ・エス・ビー,プライム,貸借銘柄
3481,三菱地所物流リート投資法人,REIT,貸借銘柄
3482,ロードスターキャピタル（株）,プライム,貸借銘柄
3484,（株）イノベーションホールディングス,スタンダード,貸借銘柄
3486,（株）グローバル・リンク・マネジメント,プライム,貸借銘柄
3487,ＣＲＥロジスティクスファンド投資法人,REIT,貸借銘柄
3489,（株）フェイスネットワーク,スタンダード,貸借銘柄
348A,ＭＡＸＩＳ読売３３３日本株上場投信,ETF,貸借銘柄
3492,ＭＩＲＡＲＴＨ不動産投資法人,REIT,貸借銘柄
3498,霞ヶ関キャピタル（株）,プライム,貸借銘柄
349A,ＳＭＤＡＭ　Ａｃｔｉｖｅ　ＥＴＦ　日本グロース株式,ETF,貸借銘柄
3501,ＳＵＭＩＮＯＥ（株）,プライム,貸借銘柄
350A,デジタルグリッド（株）,グロース,貸借銘柄
3521,テルマー湯ホールディングス（株）,スタンダード,貸借銘柄
3529,アツギ（株）,スタンダード,貸借銘柄
3538,（株）ウイルプラスホールディングス,スタンダード,貸借銘柄
3539,（株）ＪＭホールディングス,プライム,貸借銘柄
3542,（株）ベガコーポレーション,グロース,貸借銘柄
3543,（株）コメダホールディングス,プライム,貸借銘柄
3544,サツドラホールディングス（株）,スタンダード,貸借銘柄
3547,（株）ユニシアホールディングス,スタンダード,貸借銘柄
3548,（株）バロックジャパンリミテッド,プライム,貸借銘柄
3549,（株）クスリのアオキホールディングス,スタンダード,貸借銘柄
354A,ｉＦｒｅｅＥＴＦ　ブルームバーグ日本株高配当５０指数,ETF,貸借銘柄
3553,共和レザー（株）,スタンダード,貸借銘柄
3559,（株）ピーバンドットコム,スタンダード,貸借銘柄
3561,（株）力の源ホールディングス,プライム,貸借銘柄
3563,（株）ＦＯＯＤ　＆　ＬＩＦＥ　ＣＯＭＰＡＮＩＥＳ,プライム,貸借銘柄
3565,アセンテック（株）,スタンダード,貸借銘柄
3569,セーレン（株）,プライム,貸借銘柄
356A,グローバルＸ　Ｓ＆Ｐ５００　キャッシュフロー・トップ１００　ＥＴＦ,ETF,貸借銘柄
3571,（株）ソトー,スタンダード,貸借銘柄
3580,小松マテーレ（株）,プライム,貸借銘柄
3591,（株）ワコールホールディングス,プライム,貸借銘柄
3608,（株）ＴＳＩホールディングス,プライム,貸借銘柄
360A,東証ＲＥＩＴ　Ｃｏｒｅ　ＥＴＦ,ETF,貸借銘柄
3611,（株）マツオカコーポレーション,スタンダード,貸借銘柄
3612,（株）ワールド,プライム,貸借銘柄
3626,ＴＩＳＩ（株）,プライム,貸借銘柄
3627,テクミラホールディングス（株）,スタンダード,貸借銘柄
3632,グリーホールディングス（株）,プライム,貸借銘柄
3635,（株）コーエーテクモホールディングス,プライム,貸借銘柄
3636,（株）三菱総合研究所,プライム,貸借銘柄
3639,（株）ボルテージ,スタンダード,貸借銘柄
363A,ｉＦｒｅｅＥＴＦ　英国ＦＴＳＥ１００,ETF,貸借銘柄
3640,（株）電算,スタンダード,貸借銘柄
3645,（株）メディカルネット,グロース,貸借銘柄
3648,ＡＧＳ（株）,スタンダード,貸借銘柄
3649,（株）ファインデックス,プライム,貸借銘柄
364A,ＮＥＸＴ　ＦＵＮＤＳ　Ｓ＆Ｐ　５００　配当貴族指数連動型上場投信,ETF,貸借銘柄
3653,（株）モルフォ,グロース,貸借銘柄
3656,ＫＬａｂ（株）,プライム,貸借銘柄
3657,ポールトゥウィンホールディングス（株）,プライム,貸借銘柄
3659,（株）ネクソン,プライム,貸借銘柄
3660,（株）アイスタイル,プライム,貸借銘柄
3661,（株）エムアップホールディングス,プライム,貸借銘柄
3662,（株）エイチームホールディングス,プライム,貸借銘柄
3663,（株）セルシス,プライム,貸借銘柄
3664,（株）ＷＩＺＥ,グロース,貸借銘柄
3665,（株）エニグモ,プライム,貸借銘柄
3667,（株）ｅｎｉｓｈ,スタンダード,貸借銘柄
3668,（株）コロプラ,プライム,貸借銘柄
3673,（株）ブロードリーフ,プライム,貸借銘柄
3674,（株）オークファン,グロース,貸借銘柄
3675,（株）クロス・マーケティンググループ,スタンダード,貸借銘柄
3676,（株）デジタルハーツホールディングス,プライム,貸借銘柄
3678,（株）メディアドゥ,プライム,貸借銘柄
3679,（株）じげん,プライム,貸借銘柄
3680,（株）ホットリンク,グロース,貸借銘柄
3682,エンカレッジ・テクノロジ（株）,スタンダード,貸借銘柄
3683,（株）サイバーリンクス,スタンダード,貸借銘柄
3686,（株）ディー・エル・イー,スタンダード,貸借銘柄
3687,（株）フィックスターズ,プライム,貸借銘柄
3690,（株）イルグルム,スタンダード,貸借銘柄
3692,（株）ＦＦＲＩセキュリティ,グロース,貸借銘柄
3694,（株）オプティム,プライム,貸借銘柄
3696,（株）セレス,プライム,貸借銘柄
3697,（株）ＳＨＩＦＴ,プライム,貸借銘柄
3698,（株）ＣＲＩ・ミドルウェア,スタンダード,貸借銘柄
3708,特種東海製紙（株）,プライム,貸借銘柄
3710,ジョルダン（株）,スタンダード,貸借銘柄
3712,（株）情報企画,スタンダード,貸借銘柄
3733,（株）ソフトウェア・サービス,スタンダード,貸借銘柄
3741,（株）セック,プライム,貸借銘柄
3744,サイオス（株）,スタンダード,貸借銘柄
3747,（株）インタートレード,スタンダード,貸借銘柄
3758,（株）アエリア,スタンダード,貸借銘柄
3762,テクマトリックス（株）,プライム,貸借銘柄
3765,ガンホー・オンライン・エンターテイメント（株）,プライム,貸借銘柄
3768,リスクモンスター（株）,スタンダード,貸借銘柄
3769,ＧＭＯペイメントゲートウェイ（株）,プライム,貸借銘柄
376A,ＮＥＸＴ　ＦＵＮＤＳ　ブルームバーグ米国国債（７－１０年）インデックス（７５％為替ヘッジあり）連動型上場投信,ETF,貸借銘柄
3771,（株）システムリサーチ,プライム,貸借銘柄
3773,（株）アドバンスト・メディア,グロース,貸借銘柄
3774,（株）インターネットイニシアティブ,プライム,貸借銘柄
3778,さくらインターネット（株）,プライム,貸借銘柄
3788,ＧＭＯグローバルサイン・ホールディングス（株）,プライム,貸借銘柄
3791,（株）ＩＧポート,スタンダード,貸借銘柄
3793,（株）ドリコム,グロース,貸借銘柄
3796,（株）いい生活,スタンダード,貸借銘柄
3799,キーウェアソリューションズ（株）,スタンダード,貸借銘柄
379A,グローバルＸ　Ｓ＆Ｐ５００　ＥＴＦ（ダイナミック・プロテクション）,ETF,貸借銘柄
3807,（株）フィスコ,グロース,貸借銘柄
380A,グローバルＸ　チャイナテック　ＥＴＦ,ETF,貸借銘柄
3817,（株）ＳＲＡホールディングス,プライム,貸借銘柄
381A,ｉＦｒｅｅＥＴＦ　米国国債３－５年（為替ヘッジなし）,ETF,貸借銘柄
3826,（株）システムインテグレータ,スタンダード,貸借銘柄
382A,ｉＦｒｅｅＥＴＦ　米国国債３－５年（為替ヘッジあり）,ETF,貸借銘柄
3834,（株）朝日ネット,プライム,貸借銘柄
3835,ｅＢＡＳＥ（株）,プライム,貸借銘柄
3836,（株）アバントグループ,プライム,貸借銘柄
3837,アドソル日進（株）,プライム,貸借銘柄
3839,（株）ＯＤＫソリューションズ,スタンダード,貸借銘柄
383A,ＭＡＸＩＳ　Ｓ＆Ｐ５００均等ウェイト上場投信,ETF,貸借銘柄
3843,フリービット（株）,プライム,貸借銘柄
3844,コムチュア（株）,プライム,貸借銘柄
3848,（株）データ・アプリケーション,スタンダード,貸借銘柄
3851,（株）日本一ソフトウェア,スタンダード,貸借銘柄
3853,アステリア（株）,プライム,貸借銘柄
3861,王子ホールディングス（株）,プライム,貸借銘柄
3863,日本製紙（株）,プライム,貸借銘柄
3864,三菱製紙（株）,プライム,貸借銘柄
3865,北越コーポレーション（株）,プライム,貸借銘柄
3877,中越パルプ工業（株）,プライム,貸借銘柄
3878,（株）巴川コーポレーション,スタンダード,貸借銘柄
3880,大王製紙（株）,プライム,貸借銘柄
3891,ニッポン高度紙工業（株）,スタンダード,貸借銘柄
3892,（株）岡山製紙,スタンダード,貸借銘柄
3900,（株）クラウドワークス,グロース,貸借銘柄
3901,マークラインズ（株）,プライム,貸借銘柄
3903,（株）ｇｕｍｉ,プライム,貸借銘柄
3905,データセクション（株）,グロース,貸借銘柄
3912,（株）モバイルファクトリー,スタンダード,貸借銘柄
3914,ＪＩＧ－ＳＡＷ（株）,グロース,貸借銘柄
3915,（株）テラスカイ,プライム,貸借銘柄
3916,デジタル・インフォメーション・テクノロジー（株）,プライム,貸借銘柄
3917,（株）アイリッジ,グロース,貸借銘柄
3920,アイビーシー（株）,スタンダード,貸借銘柄
3921,（株）ネオジャパン,プライム,貸借銘柄
3922,（株）ＰＲ　ＴＩＭＥＳ,プライム,貸借銘柄
3923,（株）ラクス,プライム,貸借銘柄
3928,（株）マイネット,スタンダード,貸借銘柄
3932,（株）アカツキ,プライム,貸借銘柄
3933,チエル（株）,スタンダード,貸借銘柄
3937,（株）Ｕｂｉｃｏｍホールディングス,スタンダード,貸借銘柄
3939,（株）カナミックネットワーク,プライム,貸借銘柄
3940,（株）ノムラシステムコーポレーション,スタンダード,貸借銘柄
3941,レンゴー（株）,プライム,貸借銘柄
3946,（株）トーモク,プライム,貸借銘柄
3947,ダイナパック（株）,スタンダード,貸借銘柄
3950,ザ・パック（株）,プライム,貸借銘柄
3951,朝日印刷（株）,スタンダード,貸借銘柄
3955,（株）イムラ,スタンダード,貸借銘柄
3962,（株）チェンジホールディングス,プライム,貸借銘柄
3963,（株）シンクロ・フード,プライム,貸借銘柄
3964,（株）オークネット,プライム,貸借銘柄
3968,セグエグループ（株）,プライム,貸借銘柄
3983,（株）オロ,プライム,貸借銘柄
3984,（株）ユーザーローカル,プライム,貸借銘柄
3987,エコモット（株）,グロース,貸借銘柄
3992,（株）ニーズウェル,プライム,貸借銘柄
3993,（株）ＰＫＳＨＡ　Ｔｅｃｈｎｏｌｏｇｙ,プライム,貸借銘柄
3994,（株）マネーフォワード,プライム,貸借銘柄
3996,サインポスト（株）,スタンダード,貸借銘柄
3997,（株）トレードワークス,スタンダード,貸借銘柄
3998,（株）すららネット,グロース,貸借銘柄
4004,（株）レゾナック・ホールディングス,プライム,貸借銘柄
4005,住友化学（株）,プライム,貸借銘柄
4008,住友精化（株）,プライム,貸借銘柄
4012,（株）アクシス,スタンダード,貸借銘柄
4013,勤次郎（株）,グロース,貸借銘柄
4019,（株）スタメン,グロース,貸借銘柄
4021,日産化学（株）,プライム,貸借銘柄
4022,ラサ工業（株）,プライム,貸借銘柄
4023,（株）クレハ,プライム,貸借銘柄
4025,多木化学（株）,プライム,貸借銘柄
4026,神島化学工業（株）,スタンダード,貸借銘柄
4027,テイカ（株）,プライム,貸借銘柄
4028,石原産業（株）,プライム,貸借銘柄
4031,片倉コープアグリ（株）,スタンダード,貸借銘柄
4041,日本曹達（株）,プライム,貸借銘柄
4042,東ソー（株）,プライム,貸借銘柄
4043,（株）トクヤマ,プライム,貸借銘柄
4044,セントラル硝子（株）,プライム,貸借銘柄
4045,東亞合成（株）,プライム,貸借銘柄
4046,（株）大阪ソーダ,プライム,貸借銘柄
4047,関東電化工業（株）,プライム,貸借銘柄
4053,（株）Ｓｕｎ　Ａｓｔｅｒｉｓｋ,プライム,貸借銘柄
4054,日本情報クリエイト（株）,グロース,貸借銘柄
4055,ティアンドエスグループ（株）,グロース,貸借銘柄
4058,トヨクモ（株）,グロース,貸借銘柄
4060,ｒａｋｕｍｏ（株）,グロース,貸借銘柄
4061,デンカ（株）,プライム,貸借銘柄
4062,イビデン（株）,プライム,貸借銘柄
4063,信越化学工業（株）,プライム,貸借銘柄
4064,日本カーバイド工業（株）,プライム,貸借銘柄
4071,（株）プラスアルファ・コンサルティング,プライム,貸借銘柄
4072,（株）電算システムホールディングス,プライム,貸借銘柄
4074,（株）ラキール,グロース,貸借銘柄
4078,堺化学工業（株）,プライム,貸借銘柄
4082,第一稀元素化学工業（株）,プライム,貸借銘柄
4088,エア・ウォーター（株）,プライム,貸借銘柄
4091,日本酸素ホールディングス（株）,プライム,貸借銘柄
4092,日本化学工業（株）,プライム,貸借銘柄
4095,日本パーカライジング（株）,プライム,貸借銘柄
4097,高圧ガス工業（株）,プライム,貸借銘柄
4099,四国化成ホールディングス（株）,プライム,貸借銘柄
409A,オリオンビール（株）,プライム,貸借銘柄
4100,戸田工業（株）,スタンダード,貸借銘柄
4109,ステラ　ケミファ（株）,プライム,貸借銘柄
4112,保土谷化学工業（株）,プライム,貸借銘柄
4114,（株）日本触媒,プライム,貸借銘柄
4116,大日精化工業（株）,プライム,貸借銘柄
4118,（株）カネカ,プライム,貸借銘柄
414A,（株）オーバーラップホールディングス,グロース,貸借銘柄
4151,協和キリン（株）,プライム,貸借銘柄
4165,（株）プレイド,グロース,貸借銘柄
4167,（株）ココペリ,グロース,貸借銘柄
4168,（株）ヤプリ,グロース,貸借銘柄
4169,ＥＮＥＣＨＡＮＧＥ（株）,グロース,貸借銘柄
416A,富士ユナイトホールディングス（株）,スタンダード,貸借銘柄
4170,（株）Ｋａｉｚｅｎ　Ｐｌａｔｆｏｒｍ,グロース,貸借銘柄
4176,（株）ココナラ,グロース,貸借銘柄
417A,（株）ブルーゾーンホールディングス,プライム,貸借銘柄
4182,三菱瓦斯化学（株）,プライム,貸借銘柄
4183,三井化学（株）,プライム,貸借銘柄
4186,東京応化工業（株）,プライム,貸借銘柄
4187,大阪有機化学工業（株）,プライム,貸借銘柄
4188,三菱ケミカルグループ（株）,プライム,貸借銘柄
4189,ＫＨネオケム（株）,プライム,貸借銘柄
4192,スパイダープラス（株）,グロース,貸借銘柄
4194,ビジョナル（株）,プライム,貸借銘柄
4202,（株）ダイセル,プライム,貸借銘柄
4203,住友ベークライト（株）,プライム,貸借銘柄
4204,積水化学工業（株）,プライム,貸借銘柄
4205,日本ゼオン（株）,プライム,貸借銘柄
4206,アイカ工業（株）,プライム,貸借銘柄
4208,ＵＢＥ（株）,プライム,貸借銘柄
4212,積水樹脂（株）,プライム,貸借銘柄
4216,旭有機材（株）,プライム,貸借銘柄
4218,ニチバン（株）,プライム,貸借銘柄
4220,リケンテクノス（株）,プライム,貸借銘柄
4221,大倉工業（株）,プライム,貸借銘柄
4228,積水化成品工業（株）,プライム,貸借銘柄
4229,群栄化学工業（株）,プライム,貸借銘柄
4231,タイガースポリマー（株）,スタンダード,貸借銘柄
4237,フジプレアム（株）,スタンダード,貸借銘柄
4242,（株）タカギセイコー,スタンダード,貸借銘柄
4245,（株）ダイキアクシス,スタンダード,貸借銘柄
4246,ダイキョーニシカワ（株）,プライム,貸借銘柄
4248,竹本容器（株）,スタンダード,貸借銘柄
4249,森六（株）,プライム,貸借銘柄
4251,恵和（株）,プライム,貸借銘柄
4258,（株）網屋,グロース,貸借銘柄
4262,ニフティライフスタイル（株）,グロース,貸借銘柄
4263,サスメド（株）,グロース,貸借銘柄
4272,日本化薬（株）,プライム,貸借銘柄
4275,（株）カーリット,プライム,貸借銘柄
4286,（株）ＣＬホールディングス,スタンダード,貸借銘柄
4288,（株）アズジェント,スタンダード,貸借銘柄
4290,（株）プレステージ・インターナショナル,プライム,貸借銘柄
4293,（株）セプテーニ・ホールディングス,スタンダード,貸借銘柄
4299,（株）ハイマックス,スタンダード,貸借銘柄
429A,テクセンドフォトマスク（株）,プライム,貸借銘柄
4301,（株）アミューズ,プライム,貸借銘柄
4307,（株）野村総合研究所,プライム,貸借銘柄
4310,（株）ドリームインキュベータ,プライム,貸借銘柄
4318,（株）クイック,プライム,貸借銘柄
4323,日本システム技術（株）,プライム,貸借銘柄
4324,（株）電通グループ,プライム,貸借銘柄
4326,（株）インテージホールディングス,プライム,貸借銘柄
4337,ぴあ（株）,プライム,貸借銘柄
4343,（株）イオンファンタジー,プライム,貸借銘柄
4344,ソースネクスト（株）,プライム,貸借銘柄
4345,（株）シーティーエス,プライム,貸借銘柄
4346,（株）ＮＥＸＹＺ．Ｇｒｏｕｐ,スタンダード,貸借銘柄
4347,ブロードメディア（株）,スタンダード,貸借銘柄
4351,（株）山田再生系債権回収総合事務所,スタンダード,貸借銘柄
435A,ｉＦｒｅｅＥＴＦ　日本株配当ローテーション戦略,ETF,貸借銘柄
4362,日本精化（株）,プライム,貸借銘柄
4368,扶桑化学工業（株）,プライム,貸借銘柄
4369,（株）トリケミカル研究所,プライム,貸借銘柄
4371,（株）コアコンセプト・テクノロジー,グロース,貸借銘柄
4373,シンプレクス・ホールディングス（株）,プライム,貸借銘柄
4375,セーフィー（株）,グロース,貸借銘柄
4382,ＨＥＲＯＺ（株）,スタンダード,貸借銘柄
4385,（株）メルカリ,プライム,貸借銘柄
4386,（株）ＳＩＧグループ,スタンダード,貸借銘柄
4388,（株）エーアイ,スタンダード,貸借銘柄
4390,（株）ＩＰＳ,プライム,貸借銘柄
4392,ＦＩＧ（株）,プライム,貸借銘柄
4393,（株）バンク・オブ・イノベーション,グロース,貸借銘柄
4396,（株）システムサポートホールディングス,プライム,貸借銘柄
4401,（株）ＡＤＥＫＡ,プライム,貸借銘柄
4403,日油（株）,プライム,貸借銘柄
4404,ミヨシ油脂（株）,スタンダード,貸借銘柄
4406,新日本理化（株）,スタンダード,貸借銘柄
4410,ハリマ化成グループ（株）,プライム,貸借銘柄
4418,（株）ＪＤＳＣ,グロース,貸借銘柄
441A,ＮＥ（株）,グロース,貸借銘柄
4420,イーソル（株）,スタンダード,貸借銘柄
4424,（株）Ａｍａｚｉａ,グロース,貸借銘柄
4425,Ｋｕｄａｎ（株）,グロース,貸借銘柄
4428,（株）シノプス,グロース,貸借銘柄
4429,リックソフト（株）,グロース,貸借銘柄
4431,（株）スマレジ,グロース,貸借銘柄
4432,ウイングアーク１ｓｔ（株）,プライム,貸借銘柄
4434,（株）サーバーワークス,スタンダード,貸借銘柄
4436,（株）ミンカブ・ジ・インフォノイド,グロース,貸借銘柄
4439,（株）東名,スタンダード,貸借銘柄
4440,（株）ヴィッツ,スタンダード,貸借銘柄
4442,バルテス・ホールディングス（株）,グロース,貸借銘柄
4443,Ｓａｎｓａｎ（株）,プライム,貸借銘柄
4446,Ｌｉｎｋ－Ｕグループ（株）,スタンダード,貸借銘柄
4447,（株）ピー・ビーシステムズ,グロース,貸借銘柄
4448,（株）ｋｕｂｅｌｌ,グロース,貸借銘柄
4452,花王（株）,プライム,貸借銘柄
4461,第一工業製薬（株）,プライム,貸借銘柄
4462,石原ケミカル（株）,プライム,貸借銘柄
4464,（株）ソフト９９コーポレーション,スタンダード,貸借銘柄
4465,（株）ニイタカ,スタンダード,貸借銘柄
446A,（株）ノースサンド,グロース,貸借銘柄
4471,三洋化成工業（株）,プライム,貸借銘柄
4475,ＨＥＮＮＧＥ（株）,グロース,貸借銘柄
4477,ＢＡＳＥ（株）,グロース,貸借銘柄
4478,フリー（株）,グロース,貸借銘柄
4480,（株）メドレー,プライム,貸借銘柄
4481,ベース（株）,プライム,貸借銘柄
4482,（株）ウィルズ,グロース,貸借銘柄
4483,（株）ＪＭＤＣ,プライム,貸借銘柄
4486,ユナイトアンドグロウ（株）,グロース,貸借銘柄
4493,（株）サイバーセキュリティクラウド,グロース,貸借銘柄
4495,（株）アイキューブドシステムズ,グロース,貸借銘柄
4498,サイバートラスト（株）,グロース,貸借銘柄
4499,（株）Ｓｐｅｅｅ,スタンダード,貸借銘柄
4502,武田薬品工業（株）,プライム,貸借銘柄
4503,アステラス製薬（株）,プライム,貸借銘柄
4506,住友ファーマ（株）,プライム,貸借銘柄
4507,塩野義製薬（株）,プライム,貸借銘柄
4512,わかもと製薬（株）,スタンダード,貸借銘柄
4516,日本新薬（株）,プライム,貸借銘柄
4519,中外製薬（株）,プライム,貸借銘柄
4521,科研製薬（株）,プライム,貸借銘柄
4523,エーザイ（株）,プライム,貸借銘柄
4524,森下仁丹（株）,スタンダード,貸借銘柄
4526,理研ビタミン（株）,プライム,貸借銘柄
4527,ロート製薬（株）,プライム,貸借銘柄
4528,小野薬品工業（株）,プライム,貸借銘柄
4531,有機合成薬品工業（株）,スタンダード,貸借銘柄
4534,持田製薬（株）,プライム,貸借銘柄
4536,参天製薬（株）,プライム,貸借銘柄
4538,扶桑薬品工業（株）,プライム,貸借銘柄
4540,（株）ツムラ,プライム,貸借銘柄
4543,テルモ（株）,プライム,貸借銘柄
4544,Ｈ．Ｕ．グループホールディングス（株）,プライム,貸借銘柄
4547,キッセイ薬品工業（株）,プライム,貸借銘柄
4548,生化学工業（株）,プライム,貸借銘柄
4549,栄研化学（株）,プライム,貸借銘柄
4552,ＪＣＲファーマ（株）,プライム,貸借銘柄
4553,東和薬品（株）,プライム,貸借銘柄
4554,富士製薬工業（株）,プライム,貸借銘柄
4559,ゼリア新薬工業（株）,プライム,貸借銘柄
4564,オンコセラピー・サイエンス（株）,グロース,貸借銘柄
4565,ネクセラファーマ（株）,プライム,貸借銘柄
4568,第一三共（株）,プライム,貸借銘柄
4569,杏林製薬（株）,プライム,貸借銘柄
456A,ＨＵＭＡＮ　ＭＡＤＥ（株）,グロース,貸借銘柄
4574,大幸薬品（株）,プライム,貸借銘柄
4577,ダイト（株）,プライム,貸借銘柄
4578,大塚ホールディングス（株）,プライム,貸借銘柄
4587,ペプチドリーム（株）,プライム,貸借銘柄
4593,（株）ヘリオス,グロース,貸借銘柄
4597,ソレイジア・ファーマ（株）,グロース,貸借銘柄
4611,大日本塗料（株）,プライム,貸借銘柄
4612,日本ペイントホールディングス（株）,プライム,貸借銘柄
4613,関西ペイント（株）,プライム,貸借銘柄
4617,中国塗料（株）,プライム,貸借銘柄
4619,日本特殊塗料（株）,スタンダード,貸借銘柄
4620,藤倉化成（株）,スタンダード,貸借銘柄
4623,（株）アサヒペン,スタンダード,貸借銘柄
4626,太陽ホールディングス（株）,プライム,貸借銘柄
4631,ＤＩＣ（株）,プライム,貸借銘柄
4633,サカタインクス（株）,プライム,貸借銘柄
4634,ａｒｔｉｅｎｃｅ（株）,プライム,貸借銘柄
463A,（株）インテリックスホールディングス,スタンダード,貸借銘柄
4641,（株）アルプス技研,プライム,貸借銘柄
4644,イマジニア（株）,スタンダード,貸借銘柄
464A,（株）ＱＰＳホールディングス,グロース,貸借銘柄
4651,（株）サニックスホールディングス,スタンダード,貸借銘柄
4658,日本空調サービス（株）,プライム,貸借銘柄
4661,（株）オリエンタルランド,プライム,貸借銘柄
4665,（株）ダスキン,プライム,貸借銘柄
4666,パーク２４（株）,プライム,貸借銘柄
4668,（株）明光ネットワークジャパン,プライム,貸借銘柄
4671,（株）ファルコホールディングス,スタンダード,貸借銘柄
4674,（株）クレスコ,プライム,貸借銘柄
4676,（株）フジ・メディア・ホールディングス,プライム,貸借銘柄
4678,（株）秀英予備校,スタンダード,貸借銘柄
4680,（株）ラウンドワン,プライム,貸借銘柄
4681,リゾートトラスト（株）,プライム,貸借銘柄
4686,（株）ジャストシステム,プライム,貸借銘柄
4687,ＴＤＣソフト（株）,プライム,貸借銘柄
4689,ＬＩＮＥヤフー（株）,プライム,貸借銘柄
4694,（株）ビー・エム・エル,プライム,貸借銘柄
4704,トレンドマイクロ（株）,プライム,貸借銘柄
4709,（株）ＩＤホールディングス,プライム,貸借銘柄
4712,（株）ＫｅｙＨｏｌｄｅｒ,スタンダード,貸借銘柄
4714,（株）リソー教育グループ,プライム,貸借銘柄
4716,日本オラクル（株）,スタンダード,貸借銘柄
4718,（株）早稲田アカデミー,プライム,貸借銘柄
4719,（株）アルファシステムズ,プライム,貸借銘柄
4722,フューチャー（株）,プライム,貸借銘柄
4725,（株）ＣＡＣ　Ｈｏｌｄｉｎｇｓ,プライム,貸借銘柄
4732,（株）ユー・エス・エス,プライム,貸借銘柄
4743,（株）アイティフォー,プライム,貸借銘柄
4746,（株）東計電算,スタンダード,貸借銘柄
4750,（株）ダイサン,スタンダード,貸借銘柄
4751,（株）サイバーエージェント,プライム,貸借銘柄
4755,楽天グループ（株）,プライム,貸借銘柄
4763,（株）クリーク・アンド・リバー社,プライム,貸借銘柄
4765,ＳＢＩグローバルアセットマネジメント（株）,プライム,貸借銘柄
4768,（株）大塚商会,プライム,貸借銘柄
4769,（株）ＩＣ,スタンダード,貸借銘柄
4771,（株）エフアンドエム,スタンダード,貸借銘柄
4776,サイボウズ（株）,プライム,貸借銘柄
4783,ＮＣＤ（株）,スタンダード,貸借銘柄
4792,山田コンサルティンググループ（株）,プライム,貸借銘柄
4800,オリコン（株）,スタンダード,貸借銘柄
4812,（株）電通総研,プライム,貸借銘柄
4813,（株）ＡＣＣＥＳＳ,プライム,貸借銘柄
4814,ネクストウェア（株）,スタンダード,貸借銘柄
4816,東映アニメーション（株）,スタンダード,貸借銘柄
4819,（株）デジタルガレージ,プライム,貸借銘柄
4820,（株）イーエムシステムズ,プライム,貸借銘柄
4825,（株）ウェザーニューズ,プライム,貸借銘柄
4826,（株）ＣＩＪ,プライム,貸借銘柄
4828,ビジネスエンジニアリング（株）,プライム,貸借銘柄
4829,日本エンタープライズ（株）,スタンダード,貸借銘柄
4839,（株）ＷＯＷＯＷ,プライム,貸借銘柄
4845,（株）スカラ,スタンダード,貸借銘柄
4847,（株）インテリジェント　ウェイブ,プライム,貸借銘柄
4848,（株）フルキャストホールディングス,プライム,貸借銘柄
4849,エン（株）,プライム,貸借銘柄
4880,セルソース（株）,スタンダード,貸借銘柄
4885,室町ケミカル（株）,スタンダード,貸借銘柄
4886,あすか製薬ホールディングス（株）,プライム,貸借銘柄
4887,サワイグループホールディングス（株）,プライム,貸借銘柄
4893,ノイルイミューン・バイオテック（株）,グロース,貸借銘柄
4901,富士フイルムホールディングス（株）,プライム,貸借銘柄
4902,コニカミノルタ（株）,プライム,貸借銘柄
4911,（株）資生堂,プライム,貸借銘柄
4912,ライオン（株）,プライム,貸借銘柄
4914,高砂香料工業（株）,プライム,貸借銘柄
4919,（株）ミルボン,プライム,貸借銘柄
491A,ｉシェアーズ　Ｓ＆Ｐ　５００　除く金融　ＥＴＦ（為替ヘッジあり）,ETF,貸借銘柄
4922,（株）コーセーホールディングス,プライム,貸借銘柄
4923,コタ（株）,プライム,貸借銘柄
4925,（株）ハーバー研究所,スタンダード,貸借銘柄
4927,（株）ポーラ・オルビスホールディングス,プライム,貸借銘柄
4928,（株）ノエビアホールディングス,プライム,貸借銘柄
4929,（株）アジュバンホールディングス,スタンダード,貸借銘柄
4931,新日本製薬（株）,プライム,貸借銘柄
4933,（株）Ｉ－ｎｅ,プライム,貸借銘柄
4934,プレミアアンチエイジング（株）,グロース,貸借銘柄
4936,（株）アクシージア,スタンダード,貸借銘柄
4951,エステー（株）,プライム,貸借銘柄
4956,コニシ（株）,プライム,貸借銘柄
4958,長谷川香料（株）,プライム,貸借銘柄
4960,ケミプロ化成（株）,スタンダード,貸借銘柄
4967,小林製薬（株）,プライム,貸借銘柄
4968,荒川化学工業（株）,プライム,貸借銘柄
4971,メック（株）,プライム,貸借銘柄
4975,（株）ＪＣＵ,プライム,貸借銘柄
4977,新田ゼラチン（株）,スタンダード,貸借銘柄
4980,デクセリアルズ（株）,プライム,貸借銘柄
4985,アース製薬（株）,プライム,貸借銘柄
4992,北興化学工業（株）,スタンダード,貸借銘柄
4994,大成ラミックグループ（株）,スタンダード,貸借銘柄
4996,クミアイ化学工業（株）,プライム,貸借銘柄
4997,日本農薬（株）,プライム,貸借銘柄
4998,フマキラー（株）,スタンダード,貸借銘柄
5011,ニチレキグループ（株）,プライム,貸借銘柄
5013,（株）ユシロ,スタンダード,貸借銘柄
5016,ＪＸ金属（株）,プライム,貸借銘柄
5018,（株）ＭＯＲＥＳＣＯ,スタンダード,貸借銘柄
5019,出光興産（株）,プライム,貸借銘柄
5020,ＥＮＥＯＳホールディングス（株）,プライム,貸借銘柄
5021,コスモエネルギーホールディングス（株）,プライム,貸借銘柄
5032,ＡＮＹＣＯＬＯＲ（株）,プライム,貸借銘柄
5033,（株）ヌーラボ,グロース,貸借銘柄
5036,日本ビジネスシステムズ（株）,プライム,貸借銘柄
5071,（株）ヴィス,スタンダード,貸借銘柄
5074,テスホールディングス（株）,プライム,貸借銘柄
5076,インフロニア・ホールディングス（株）,プライム,貸借銘柄
5101,横浜ゴム（株）,プライム,貸借銘柄
5105,ＴＯＹＯ　ＴＩＲＥ（株）,プライム,貸借銘柄
5108,（株）ブリヂストン,プライム,貸借銘柄
5110,住友ゴム工業（株）,プライム,貸借銘柄
5121,藤倉コンポジット（株）,プライム,貸借銘柄
5122,オカモト（株）,プライム,貸借銘柄
5129,（株）ＦＩＸＥＲ,グロース,貸借銘柄
5131,リンカーズ（株）,グロース,貸借銘柄
5132,（株）ｐｌｕｓｚｅｒｏ,グロース,貸借銘柄
5137,（株）スマートドライブ,グロース,貸借銘柄
513A,グローバルＸ　防衛テック－日本株式　ＥＴＦ,ETF,貸借銘柄
5142,アキレス（株）,プライム,貸借銘柄
5162,（株）朝日ラバー,スタンダード,貸借銘柄
5184,（株）ニチリン,スタンダード,貸借銘柄
5185,（株）フコク,プライム,貸借銘柄
5186,ニッタ（株）,プライム,貸借銘柄
5192,三ツ星ベルト（株）,プライム,貸借銘柄
5195,バンドー化学（株）,プライム,貸借銘柄
5201,ＡＧＣ（株）,プライム,貸借銘柄
5202,日本板硝子（株）,プライム,貸借銘柄
5204,石塚硝子（株）,スタンダード,貸借銘柄
5208,（株）有沢製作所,プライム,貸借銘柄
5210,日本山村硝子（株）,スタンダード,貸借銘柄
5214,日本電気硝子（株）,プライム,貸借銘柄
5218,（株）オハラ,スタンダード,貸借銘柄
521A,ｉＦｒｅｅＥＴＦ　ＦＡＮＧ＋ゴールド,ETF,貸借銘柄
5232,住友大阪セメント（株）,プライム,貸借銘柄
5233,太平洋セメント（株）,プライム,貸借銘柄
5237,（株）ノザワ,スタンダード,貸借銘柄
5240,ｍｏｎｏＡＩ　ｔｅｃｈｎｏｌｏｇｙ（株）,グロース,貸借銘柄
5244,（株）ｊｉｇ．ｊｐ,グロース,貸借銘柄
5253,カバー（株）,グロース,貸借銘柄
5258,（株）トランザクション・メディア・ネットワークス,グロース,貸借銘柄
5262,日本ヒューム（株）,プライム,貸借銘柄
5269,日本コンクリート工業（株）,プライム,貸借銘柄
5273,三谷セキサン（株）,スタンダード,貸借銘柄
5285,（株）ヤマックス,スタンダード,貸借銘柄
5290,（株）ベルテクスコーポレーション,スタンダード,貸借銘柄
5301,東海カーボン（株）,プライム,貸借銘柄
5302,日本カーボン（株）,プライム,貸借銘柄
5304,ＳＥＣカーボン（株）,スタンダード,貸借銘柄
5310,東洋炭素（株）,プライム,貸借銘柄
5331,ノリタケ（株）,プライム,貸借銘柄
5332,ＴＯＴＯ（株）,プライム,貸借銘柄
5333,ＮＧＫ（株）,プライム,貸借銘柄
5334,日本特殊陶業（株）,プライム,貸借銘柄
5337,ダントーホールディングス（株）,スタンダード,貸借銘柄
5341,ＡＳＡＨＩ　ＥＩＴＯホールディングス（株）,スタンダード,貸借銘柄
5344,（株）ＭＡＲＵＷＡ,プライム,貸借銘柄
5351,品川リフラ（株）,プライム,貸借銘柄
5356,美濃窯業（株）,スタンダード,貸借銘柄
5357,（株）ヨータイ,プライム,貸借銘柄
5363,東京窯業（株）,スタンダード,貸借銘柄
5367,（株）ニッカトー,スタンダード,貸借銘柄
5381,マイポックス（株）,スタンダード,貸借銘柄
5384,（株）フジミインコーポレーテッド,プライム,貸借銘柄
5388,クニミネ工業（株）,スタンダード,貸借銘柄
5391,（株）エーアンドエーマテリアル,スタンダード,貸借銘柄
5393,ニチアス（株）,プライム,貸借銘柄
5401,日本製鉄（株）,プライム,貸借銘柄
5406,（株）神戸製鋼所,プライム,貸借銘柄
5408,（株）中山製鋼所,プライム,貸借銘柄
5410,合同製鐵（株）,プライム,貸借銘柄
5411,ＪＦＥホールディングス（株）,プライム,貸借銘柄
5423,東京製鐵（株）,プライム,貸借銘柄
543A,ＡＲＣＨＩＯＮ（株）,プライム,貸借銘柄
5440,共英製鋼（株）,プライム,貸借銘柄
5444,大和工業（株）,プライム,貸借銘柄
5449,大阪製鐵（株）,スタンダード,貸借銘柄
544A,ＧＭＳグループ（株）,プライム,貸借銘柄
5451,（株）ヨドコウ,プライム,貸借銘柄
5461,中部鋼鈑（株）,プライム,貸借銘柄
5463,丸一鋼管（株）,プライム,貸借銘柄
5464,モリ工業（株）,スタンダード,貸借銘柄
546A,ＭＩＲＡＩＮＩホールディングス（株）,プライム,貸借銘柄
5471,大同特殊鋼（株）,プライム,貸借銘柄
547A,ムニノバホールディングス（株）,プライム,貸借銘柄
5480,日本冶金工業（株）,プライム,貸借銘柄
5482,愛知製鋼（株）,プライム,貸借銘柄
5491,日本金属（株）,スタンダード,貸借銘柄
5541,大平洋金属（株）,プライム,貸借銘柄
5563,新日本電工（株）,プライム,貸借銘柄
5589,（株）オートサーバー,スタンダード,貸借銘柄
5590,（株）ネットスターズ,グロース,貸借銘柄
5602,（株）栗本鐵工所,プライム,貸借銘柄
5603,虹技（株）,スタンダード,貸借銘柄
5609,日本鋳造（株）,スタンダード,貸借銘柄
5631,（株）日本製鋼所,プライム,貸借銘柄
5632,三菱製鋼（株）,プライム,貸借銘柄
563A,グローバルＸ　ＮＡＳＤＡＱ１００・デイリー・カバード・コール　ＥＴＦ,ETF,貸借銘柄
5658,日亜鋼業（株）,スタンダード,貸借銘柄
5659,日本精線（株）,プライム,貸借銘柄
5660,神鋼鋼線工業（株）,スタンダード,貸借銘柄
5702,（株）大紀アルミニウム工業所,プライム,貸借銘柄
5703,日本軽金属ホールディングス（株）,プライム,貸借銘柄
5706,三井金属（株）,プライム,貸借銘柄
5707,東邦亜鉛（株）,プライム,貸借銘柄
5711,三菱マテリアル（株）,プライム,貸借銘柄
5713,住友金属鉱山（株）,プライム,貸借銘柄
5714,ＤＯＷＡホールディングス（株）,プライム,貸借銘柄
5715,古河機械金属（株）,プライム,貸借銘柄
5726,（株）大阪チタニウムテクノロジーズ,プライム,貸借銘柄
5741,（株）ＵＡＣＪ,プライム,貸借銘柄
5742,エヌアイシ・オートテック（株）,スタンダード,貸借銘柄
5801,古河電気工業（株）,プライム,貸借銘柄
5802,住友電気工業（株）,プライム,貸借銘柄
5803,（株）フジクラ,プライム,貸借銘柄
5805,ＳＷＣＣ（株）,プライム,貸借銘柄
5816,オーナンバ（株）,スタンダード,貸借銘柄
5830,（株）いよぎんホールディングス,プライム,貸借銘柄
5831,（株）しずおかフィナンシャルグループ,プライム,貸借銘柄
5832,（株）ちゅうぎんフィナンシャルグループ,プライム,貸借銘柄
5834,ＳＢＩリーシングサービス（株）,グロース,貸借銘柄
5838,楽天銀行（株）,プライム,貸借銘柄
5844,（株）京都フィナンシャルグループ,プライム,貸借銘柄
5845,全保連（株）,スタンダード,貸借銘柄
5851,リョービ（株）,プライム,貸借銘柄
5852,（株）アーレスティ,プライム,貸借銘柄
5857,ＡＲＥホールディングス（株）,プライム,貸借銘柄
5869,（株）早稲田学習研究会,スタンダード,貸借銘柄
5871,ＳＯＬＩＺＥ　Ｈｏｌｄｉｎｇｓ（株）,スタンダード,貸借銘柄
587A,インベスコＱＱＱトラスト　シリーズ１,ETF,貸借銘柄
5885,（株）ジーデップ・アドバンス,スタンダード,貸借銘柄
5901,東洋製罐グループホールディングス（株）,プライム,貸借銘柄
5902,ホッカンホールディングス（株）,プライム,貸借銘柄
590A,ギフティグループ（株）,プライム,貸借銘柄
5911,（株）横河ブリッジホールディングス,プライム,貸借銘柄
5915,（株）駒井ハルテック,スタンダード,貸借銘柄
5923,高田機工（株）,スタンダード,貸借銘柄
5928,アルメタックス（株）,スタンダード,貸借銘柄
5929,三和ホールディングス（株）,プライム,貸借銘柄
5930,文化シヤッター（株）,プライム,貸借銘柄
5932,三協立山（株）,プライム,貸借銘柄
5933,アルインコ（株）,プライム,貸借銘柄
5936,東洋シヤッター（株）,スタンダード,貸借銘柄
5938,（株）ＬＩＸＩＬ,プライム,貸借銘柄
5941,（株）中西製作所,スタンダード,貸借銘柄
5943,（株）ノーリツ,プライム,貸借銘柄
5946,（株）長府製作所,プライム,貸借銘柄
5947,リンナイ（株）,プライム,貸借銘柄
5949,ユニプレス（株）,プライム,貸借銘柄
5950,日本パワーファスニング（株）,スタンダード,貸借銘柄
5951,ダイニチ工業（株）,スタンダード,貸借銘柄
5955,（株）ワイズホールディングス,スタンダード,貸借銘柄
5956,トーソー（株）,スタンダード,貸借銘柄
5957,日東精工（株）,プライム,貸借銘柄
5958,三洋工業（株）,スタンダード,貸借銘柄
5959,岡部（株）,プライム,貸借銘柄
5970,（株）ジーテクト,プライム,貸借銘柄
5974,中国工業（株）,スタンダード,貸借銘柄
5975,東プレ（株）,プライム,貸借銘柄
5976,高周波熱錬（株）,プライム,貸借銘柄
5981,東京製綱（株）,プライム,貸借銘柄
5985,サンコール（株）,スタンダード,貸借銘柄
5986,モリテック　スチール（株）,スタンダード,貸借銘柄
5988,（株）パイオラックス,プライム,貸借銘柄
5989,（株）エイチワン,プライム,貸借銘柄
5991,日本発條（株）,プライム,貸借銘柄
5992,中央発條（株）,スタンダード,貸借銘柄
5998,（株）アドバネクス,スタンダード,貸借銘柄
6005,三浦工業（株）,プライム,貸借銘柄
6013,（株）タクマ,プライム,貸借銘柄
6023,ダイハツインフィニアース（株）,スタンダード,貸借銘柄
6027,弁護士ドットコム（株）,プライム,貸借銘柄
6031,ＺＥＴＡ（株）,グロース,貸借銘柄
6033,（株）エクストリーム,グロース,貸借銘柄
6034,ＭＲＴ（株）,グロース,貸借銘柄
6035,（株）アイ・アールジャパンホールディングス,スタンダード,貸借銘柄
6036,ＫｅｅＰｅｒ技研（株）,プライム,貸借銘柄
6037,楽待（株）,スタンダード,貸借銘柄
6038,（株）イード,グロース,貸借銘柄
6045,（株）レントラックス,グロース,貸借銘柄
6046,（株）リンクバル,スタンダード,貸借銘柄
6047,（株）Ｇｕｎｏｓｙ,スタンダード,貸借銘柄
6050,イー・ガーディアン（株）,プライム,貸借銘柄
6054,（株）リブセンス,スタンダード,貸借銘柄
6055,ジャパンマテリアル（株）,プライム,貸借銘柄
6058,（株）ベクトル,プライム,貸借銘柄
6059,（株）ウチヤマホールディングス,スタンダード,貸借銘柄
6062,（株）チャーム・ケア・コーポレーション,プライム,貸借銘柄
6069,トレンダーズ（株）,グロース,貸借銘柄
6070,キャリアリンク（株）,プライム,貸借銘柄
6071,（株）ＩＢＪ,プライム,貸借銘柄
6072,地盤ネットホールディングス（株）,スタンダード,貸借銘柄
6073,（株）アサンテ,プライム,貸借銘柄
6078,（株）バリューＨＲ,プライム,貸借銘柄
6080,Ｍ＆Ａキャピタルパートナーズ（株）,プライム,貸借銘柄
6081,アライドアーキテクツ（株）,グロース,貸借銘柄
6083,ＥＲＩホールディングス（株）,スタンダード,貸借銘柄
6088,（株）シグマクシス・ホールディングス,プライム,貸借銘柄
6089,（株）ウィルグループ,プライム,貸借銘柄
6091,（株）ウエスコホールディングス,スタンダード,貸借銘柄
6092,（株）エンバイオ・ホールディングス,スタンダード,貸借銘柄
6093,ミトラグループ（株）,スタンダード,貸借銘柄
6098,（株）リクルートホールディングス,プライム,貸借銘柄
6099,（株）エラン,プライム,貸借銘柄
6101,（株）ツガミ,プライム,貸借銘柄
6103,オークマ（株）,プライム,貸借銘柄
6104,芝浦機械（株）,プライム,貸借銘柄
6113,（株）アマダ,プライム,貸借銘柄
6118,アイダエンジニアリング（株）,プライム,貸借銘柄
6134,（株）ＦＵＪＩ,プライム,貸借銘柄
6135,（株）牧野フライス製作所,プライム,貸借銘柄
6136,オーエスジー（株）,プライム,貸借銘柄
6137,小池酸素工業（株）,スタンダード,貸借銘柄
6140,旭ダイヤモンド工業（株）,プライム,貸借銘柄
6141,ＤＭＧ森精機（株）,プライム,貸借銘柄
6143,（株）ソディック,プライム,貸借銘柄
6145,ＮＩＴＴＯＫＵ（株）,スタンダード,貸借銘柄
6146,（株）ディスコ,プライム,貸借銘柄
6151,日東工器（株）,プライム,貸借銘柄
6157,日進工具（株）,スタンダード,貸借銘柄
6158,（株）和井田製作所,スタンダード,貸借銘柄
6165,パンチ工業（株）,スタンダード,貸借銘柄
6167,冨士ダイス（株）,プライム,貸借銘柄
6171,（株）土木管理総合試験所,スタンダード,貸借銘柄
6178,日本郵政（株）,プライム,貸借銘柄
6182,（株）メタリアル,グロース,貸借銘柄
6183,（株）ベルシステム２４ホールディングス,プライム,貸借銘柄
6184,（株）鎌倉新書,プライム,貸借銘柄
6185,ＳＭＮ（株）,スタンダード,貸借銘柄
6189,（株）グローバルキッズＣＯＭＰＡＮＹ,スタンダード,貸借銘柄
6191,（株）エアトリ,プライム,貸借銘柄
6194,（株）アトラエ,プライム,貸借銘柄
6196,（株）ストライクグループ,プライム,貸借銘柄
6199,（株）セラク,スタンダード,貸借銘柄
6200,（株）インソース,プライム,貸借銘柄
6203,豊和工業（株）,スタンダード,貸借銘柄
6208,（株）石川製作所,スタンダード,貸借銘柄
6209,リケンＮＰＲ（株）,プライム,貸借銘柄
6217,津田駒工業（株）,スタンダード,貸借銘柄
6218,エンシュウ（株）,スタンダード,貸借銘柄
6222,（株）島精機製作所,プライム,貸借銘柄
6223,（株）西部技研,スタンダード,貸借銘柄
6226,守谷輸送機工業（株）,スタンダード,貸借銘柄
6227,ＡＩメカテック（株）,スタンダード,貸借銘柄
6232,（株）ＡＣＳＬ,グロース,貸借銘柄
6235,（株）オプトラン,プライム,貸借銘柄
6237,（株）イワキポンプ,プライム,貸借銘柄
6238,フリュー（株）,プライム,貸借銘柄
6240,ヤマシンフィルタ（株）,プライム,貸借銘柄
6245,（株）ヒラノテクシード,スタンダード,貸借銘柄
6246,（株）テクノスマート,スタンダード,貸借銘柄
6247,（株）日阪製作所,プライム,貸借銘柄
6250,（株）やまびこ,プライム,貸借銘柄
6254,野村マイクロ・サイエンス（株）,プライム,貸借銘柄
6255,（株）エヌ・ピー・シー,グロース,貸借銘柄
6257,（株）藤商事,スタンダード,貸借銘柄
6258,平田機工（株）,プライム,貸借銘柄
6262,（株）ＰＥＧＡＳＵＳ,スタンダード,貸借銘柄
6264,（株）マルマエ,プライム,貸借銘柄
6266,タツモ（株）,プライム,貸借銘柄
6268,ナブテスコ（株）,プライム,貸借銘柄
6269,三井海洋開発（株）,プライム,貸借銘柄
6272,レオン自動機（株）,プライム,貸借銘柄
6273,ＳＭＣ（株）,プライム,貸借銘柄
6277,ホソカワミクロン（株）,プライム,貸借銘柄
6278,ユニオンツール（株）,プライム,貸借銘柄
6279,（株）瑞光,プライム,貸借銘柄
6282,オイレス工業（株）,プライム,貸借銘柄
6284,日精エー・エス・ビー機械（株）,プライム,貸借銘柄
6287,（株）サトー,プライム,貸借銘柄
6289,（株）技研製作所,プライム,貸借銘柄
6294,オカダアイヨン（株）,プライム,貸借銘柄
6298,ワイエイシイホールディングス（株）,プライム,貸借銘柄
6301,（株）小松製作所,プライム,貸借銘柄
6302,住友重機械工業（株）,プライム,貸借銘柄
6305,日立建機（株）,プライム,貸借銘柄
6306,日工（株）,プライム,貸借銘柄
6310,井関農機（株）,プライム,貸借銘柄
6315,ＴＯＷＡ（株）,プライム,貸借銘柄
6316,（株）丸山製作所,スタンダード,貸借銘柄
6317,（株）北川鉄工所,スタンダード,貸借銘柄
6323,ローツェ（株）,プライム,貸借銘柄
6324,（株）ハーモニック・ドライブ・システムズ,プライム,貸借銘柄
6325,（株）タカキタ,スタンダード,貸借銘柄
6326,（株）クボタ,プライム,貸借銘柄
6328,荏原実業（株）,プライム,貸借銘柄
6330,東洋エンジニアリング（株）,プライム,貸借銘柄
6331,三菱化工機（株）,プライム,貸借銘柄
6332,月島ホールディングス（株）,プライム,貸借銘柄
6333,（株）ＴＥＩＫＯＫＵ,プライム,貸借銘柄
6335,（株）東京機械製作所,スタンダード,貸借銘柄
6338,（株）タカトリ,スタンダード,貸借銘柄
6339,新東工業（株）,プライム,貸借銘柄
6340,澁谷工業（株）,プライム,貸借銘柄
6343,フリージア・マクロス（株）,スタンダード,貸借銘柄
6345,（株）アイチ　コーポレーション,プライム,貸借銘柄
6349,（株）小森コーポレーション,プライム,貸借銘柄
6351,（株）鶴見製作所,プライム,貸借銘柄
6356,日本ギア工業（株）,スタンダード,貸借銘柄
6357,三精テクノロジーズ（株）,スタンダード,貸借銘柄
6358,酒井重工業（株）,プライム,貸借銘柄
6361,（株）荏原製作所,プライム,貸借銘柄
6363,（株）酉島製作所,プライム,貸借銘柄
6364,（株）ＡＩＲＭＡＮ,プライム,貸借銘柄
6366,千代田化工建設（株）,スタンダード,貸借銘柄
6367,ダイキン工業（株）,プライム,貸借銘柄
6368,オルガノ（株）,プライム,貸借銘柄
6369,トーヨーカネツ（株）,プライム,貸借銘柄
6370,栗田工業（株）,プライム,貸借銘柄
6371,（株）椿本チエイン,プライム,貸借銘柄
6376,日機装（株）,プライム,貸借銘柄
6378,木村化工機（株）,スタンダード,貸借銘柄
6379,レイズネクスト（株）,プライム,貸借銘柄
6381,アネスト岩田（株）,プライム,貸借銘柄
6383,（株）ダイフク,プライム,貸借銘柄
6390,（株）加藤製作所,プライム,貸借銘柄
6393,油研工業（株）,スタンダード,貸借銘柄
6395,（株）タダノ,プライム,貸借銘柄
6400,不二精機（株）,スタンダード,貸借銘柄
6407,ＣＫＤ（株）,プライム,貸借銘柄
6412,（株）平和,プライム,貸借銘柄
6413,理想科学工業（株）,プライム,貸借銘柄
6417,（株）ＳＡＮＫＹＯ,プライム,貸借銘柄
6418,日本金銭機械（株）,プライム,貸借銘柄
6419,（株）マースグループホールディングス,プライム,貸借銘柄
6420,ガリレイホールディングス（株）,プライム,貸借銘柄
6425,（株）ユニバーサルエンターテインメント,スタンダード,貸借銘柄
6428,（株）オーイズミ,スタンダード,貸借銘柄
6430,ダイコク電機（株）,プライム,貸借銘柄
6432,（株）竹内製作所,プライム,貸借銘柄
6436,アマノ（株）,プライム,貸借銘柄
6440,ＪＵＫＩ（株）,プライム,貸借銘柄
6444,サンデン（株）,スタンダード,貸借銘柄
6445,（株）ジャノメ,プライム,貸借銘柄
6448,ブラザー工業（株）,プライム,貸借銘柄
6454,マックス（株）,プライム,貸借銘柄
6455,（株）モリタホールディングス,プライム,貸借銘柄
6457,グローリー（株）,プライム,貸借銘柄
6458,新晃工業（株）,プライム,貸借銘柄
6459,だいわ（株）,プライム,貸借銘柄
6460,セガサミーホールディングス（株）,プライム,貸借銘柄
6463,ＴＰＲ（株）,プライム,貸借銘柄
6464,（株）ツバキ・ナカシマ,プライム,貸借銘柄
6465,ホシザキ（株）,プライム,貸借銘柄
6466,（株）ＴＶＥ,スタンダード,貸借銘柄
6470,大豊工業（株）,スタンダード,貸借銘柄
6471,日本精工（株）,プライム,貸借銘柄
6472,ＮＴＮ（株）,プライム,貸借銘柄
6473,（株）ジェイテクト,プライム,貸借銘柄
6474,（株）不二越,プライム,貸借銘柄
6479,ミネベアミツミ（株）,プライム,貸借銘柄
6480,日本トムソン（株）,プライム,貸借銘柄
6481,ＴＨＫ（株）,プライム,貸借銘柄
6482,ＹＵＳＨＩＮ（株）,スタンダード,貸借銘柄
6485,前澤給装工業（株）,スタンダード,貸借銘柄
6486,イーグル工業（株）,プライム,貸借銘柄
6490,（株）ＰＩＬＬＡＲ,プライム,貸借銘柄
6496,（株）中北製作所,スタンダード,貸借銘柄
6498,（株）キッツ,プライム,貸借銘柄
6501,（株）日立製作所,プライム,貸借銘柄
6503,三菱電機（株）,プライム,貸借銘柄
6504,富士電機（株）,プライム,貸借銘柄
6505,東洋電機製造（株）,スタンダード,貸借銘柄
6506,（株）安川電機,プライム,貸借銘柄
6507,シンフォニアテクノロジー（株）,プライム,貸借銘柄
6508,（株）明電舎,プライム,貸借銘柄
6516,山洋電気（株）,プライム,貸借銘柄
6517,デンヨー（株）,プライム,貸借銘柄
6522,（株）アスタリスク,グロース,貸借銘柄
6524,湖北工業（株）,スタンダード,貸借銘柄
6525,（株）ＫＯＫＵＳＡＩ　ＥＬＥＣＴＲＩＣ,プライム,貸借銘柄
6526,（株）ソシオネクスト,プライム,貸借銘柄
6532,（株）ベイカレント,プライム,貸借銘柄
6535,（株）アイモバイル,プライム,貸借銘柄
6537,ＷＡＳＨハウス（株）,グロース,貸借銘柄
6538,（株）ディスラプターズ,スタンダード,貸借銘柄
6539,（株）ＭＳ－Ｊａｐａｎ,プライム,貸借銘柄
6540,（株）船場,スタンダード,貸借銘柄
6544,ジャパンエレベーターサービスホールディングス（株）,プライム,貸借銘柄
6545,（株）インターネットインフィニティー,グロース,貸借銘柄
6546,フルテック（株）,スタンダード,貸借銘柄
6547,（株）グリーンズ,スタンダード,貸借銘柄
6551,（株）ツナググループ・ホールディングス,スタンダード,貸借銘柄
6552,（株）ＧａｍｅＷｉｔｈ,スタンダード,貸借銘柄
6560,（株）エル・ティー・エス,プライム,貸借銘柄
6562,（株）ジーニー,グロース,貸借銘柄
6563,（株）みらいワークス,グロース,貸借銘柄
6566,（株）要興業,スタンダード,貸借銘柄
6570,（株）共和コーポレーション,スタンダード,貸借銘柄
6572,オープングループ（株）,プライム,貸借銘柄
6580,（株）ライトアップ,グロース,貸借銘柄
6584,三櫻工業（株）,プライム,貸借銘柄
6586,（株）マキタ,プライム,貸借銘柄
6588,東芝テック（株）,プライム,貸借銘柄
6590,芝浦メカトロニクス（株）,プライム,貸借銘柄
6592,マブチモーター（株）,プライム,貸借銘柄
6594,ニデック（株）,プライム,貸借銘柄
6614,（株）シキノハイテック,スタンダード,貸借銘柄
6615,ユー・エム・シー・エレクトロニクス（株）,プライム,貸借銘柄
6617,（株）東光高岳,プライム,貸借銘柄
6619,ダブル・スコープ（株）,プライム,貸借銘柄
6620,宮越ホールディングス（株）,プライム,貸借銘柄
6622,（株）ダイヘン,プライム,貸借銘柄
6625,ＪＡＬＣＯホールディングス（株）,スタンダード,貸借銘柄
6629,テクノホライゾン（株）,スタンダード,貸借銘柄
6630,ヤーマン（株）,プライム,貸借銘柄
6632,（株）ＪＶＣケンウッド,プライム,貸借銘柄
6633,（株）ＣＧＳホールディングス,スタンダード,貸借銘柄
6634,（株）ＪＮグループ,スタンダード,貸借銘柄
6635,（株）大日光・エンジニアリング,スタンダード,貸借銘柄
6638,（株）ミマキエンジニアリング,プライム,貸借銘柄
6643,（株）戸上電機製作所,スタンダード,貸借銘柄
6644,大崎電気工業（株）,プライム,貸借銘柄
6645,オムロン（株）,プライム,貸借銘柄
6651,日東工業（株）,プライム,貸借銘柄
6652,ＩＤＥＣ（株）,プライム,貸借銘柄
6653,（株）正興電機製作所,プライム,貸借銘柄
6654,不二電機工業（株）,スタンダード,貸借銘柄
6656,インスペック（株）,スタンダード,貸借銘柄
6659,（株）メディアリンクス,スタンダード,貸借銘柄
6664,（株）オプトエレクトロニクス,スタンダード,貸借銘柄
6674,（株）ジーエス・ユアサ　コーポレーション,プライム,貸借銘柄
6675,サクサ（株）,スタンダード,貸借銘柄
6676,（株）ＢＵＦＦＡＬＯ,スタンダード,貸借銘柄
6701,日本電気（株）,プライム,貸借銘柄
6702,富士通（株）,プライム,貸借銘柄
6703,沖電気工業（株）,プライム,貸借銘柄
6706,電気興業（株）,プライム,貸借銘柄
6707,サンケン電気（株）,プライム,貸借銘柄
6718,アイホン（株）,プライム,貸借銘柄
6723,ルネサスエレクトロニクス（株）,プライム,貸借銘柄
6724,セイコーエプソン（株）,プライム,貸借銘柄
6727,（株）ワコム,プライム,貸借銘柄
6728,（株）アルバック,プライム,貸借銘柄
6730,（株）アクセル,スタンダード,貸借銘柄
6736,サン電子（株）,スタンダード,貸借銘柄
6737,ＥＩＺＯ（株）,プライム,貸借銘柄
6741,日本信号（株）,プライム,貸借銘柄
6742,（株）京三製作所,プライム,貸借銘柄
6744,能美防災（株）,プライム,貸借銘柄
6745,ホーチキ（株）,プライム,貸借銘柄
6748,星和電機（株）,スタンダード,貸借銘柄
6750,エレコム（株）,プライム,貸借銘柄
6752,パナソニック　ホールディングス（株）,プライム,貸借銘柄
6753,シャープ（株）,プライム,貸借銘柄
6754,アンリツ（株）,プライム,貸借銘柄
6758,ソニーグループ（株）,プライム,貸借銘柄
6762,ＴＤＫ（株）,プライム,貸借銘柄
6763,帝国通信工業（株）,プライム,貸借銘柄
6768,（株）タムラ製作所,プライム,貸借銘柄
6770,アルプスアルパイン（株）,プライム,貸借銘柄
6771,池上通信機（株）,スタンダード,貸借銘柄
6778,（株）アルチザネットワークス,スタンダード,貸借銘柄
6785,（株）鈴木,プライム,貸借銘柄
6787,（株）メイコー,プライム,貸借銘柄
6788,（株）日本トリム,プライム,貸借銘柄
6794,フォスター電機（株）,プライム,貸借銘柄
6798,ＳＭＫ（株）,プライム,貸借銘柄
6800,（株）ヨコオ,プライム,貸借銘柄
6803,ティアック（株）,スタンダード,貸借銘柄
6804,ホシデン（株）,プライム,貸借銘柄
6806,ヒロセ電機（株）,プライム,貸借銘柄
6807,日本航空電子工業（株）,プライム,貸借銘柄
6809,ＴＯＡ（株）,プライム,貸借銘柄
6810,マクセル（株）,プライム,貸借銘柄
6814,古野電気（株）,プライム,貸借銘柄
6817,スミダコーポレーション（株）,プライム,貸借銘柄
6820,アイコム（株）,プライム,貸借銘柄
6823,リオン（株）,プライム,貸借銘柄
6834,（株）精工技研,スタンダード,貸借銘柄
6841,横河電機（株）,プライム,貸借銘柄
6844,新電元工業（株）,プライム,貸借銘柄
6845,アズビル（株）,プライム,貸借銘柄
6848,東亜ディーケーケー（株）,スタンダード,貸借銘柄
6849,日本光電工業（株）,プライム,貸借銘柄
6850,（株）チノー,プライム,貸借銘柄
6853,（株）共和電業,スタンダード,貸借銘柄
6855,日本電子材料（株）,スタンダード,貸借銘柄
6856,（株）堀場製作所,プライム,貸借銘柄
6857,（株）アドバンテスト,プライム,貸借銘柄
6859,エスペック（株）,プライム,貸借銘柄
6861,（株）キーエンス,プライム,貸借銘柄
6866,日置電機（株）,プライム,貸借銘柄
6869,シスメックス（株）,プライム,貸借銘柄
6871,（株）日本マイクロニクス,プライム,貸借銘柄
6874,協立電機（株）,スタンダード,貸借銘柄
6875,（株）メガチップス,プライム,貸借銘柄
6877,ＯＢＡＲＡ　ＧＲＯＵＰ（株）,スタンダード,貸借銘柄
6882,（株）三社電機製作所,スタンダード,貸借銘柄
6888,アクモス（株）,スタンダード,貸借銘柄
6890,（株）フェローテック,スタンダード,貸借銘柄
6902,（株）デンソー,プライム,貸借銘柄
6905,コーセル（株）,プライム,貸借銘柄
6908,イリソ電子工業（株）,プライム,貸借銘柄
6914,オプテックスグループ（株）,プライム,貸借銘柄
6915,千代田インテグレ（株）,スタンダード,貸借銘柄
6919,ケル（株）,スタンダード,貸借銘柄
6920,レーザーテック（株）,プライム,貸借銘柄
6923,スタンレー電気（株）,プライム,貸借銘柄
6925,ウシオ電機（株）,プライム,貸借銘柄
6926,岡谷電機産業（株）,スタンダード,貸借銘柄
6929,日本セラミック（株）,プライム,貸借銘柄
6932,（株）遠藤照明,スタンダード,貸借銘柄
6941,山一電機（株）,プライム,貸借銘柄
6947,（株）図研,プライム,貸借銘柄
6951,日本電子（株）,プライム,貸借銘柄
6952,カシオ計算機（株）,プライム,貸借銘柄
6954,ファナック（株）,プライム,貸借銘柄
6958,日本シイエムケイ（株）,プライム,貸借銘柄
6960,フクダ電子（株）,スタンダード,貸借銘柄
6961,（株）エンプラス,プライム,貸借銘柄
6962,（株）大真空,プライム,貸借銘柄
6963,ローム（株）,プライム,貸借銘柄
6965,浜松ホトニクス（株）,プライム,貸借銘柄
6966,（株）三井ハイテック,プライム,貸借銘柄
6969,松尾電機（株）,スタンダード,貸借銘柄
6971,京セラ（株）,プライム,貸借銘柄
6976,太陽誘電（株）,プライム,貸借銘柄
6981,（株）村田製作所,プライム,貸借銘柄
6986,双葉電子工業（株）,プライム,貸借銘柄
6988,日東電工（株）,プライム,貸借銘柄
6989,北陸電気工業（株）,スタンダード,貸借銘柄
6993,大黒屋ホールディングス（株）,スタンダード,貸借銘柄
6994,（株）指月電機製作所,スタンダード,貸借銘柄
6995,（株）東海理化電機製作所,プライム,貸借銘柄
6996,ニチコン（株）,プライム,貸借銘柄
6997,日本ケミコン（株）,プライム,貸借銘柄
6998,日本タングステン（株）,スタンダード,貸借銘柄
6999,ＫＯＡ（株）,プライム,貸借銘柄
7003,（株）三井Ｅ＆Ｓ,プライム,貸借銘柄
7004,カナデビア（株）,プライム,貸借銘柄
7011,三菱重工業（株）,プライム,貸借銘柄
7012,川崎重工業（株）,プライム,貸借銘柄
7013,（株）ＩＨＩ,プライム,貸借銘柄
7014,（株）名村造船所,スタンダード,貸借銘柄
7022,サノヤスホールディングス（株）,スタンダード,貸借銘柄
7030,（株）スプリックス,スタンダード,貸借銘柄
7033,（株）マネジメントソリューションズ,プライム,貸借銘柄
7035,ａｎｄ　ｆａｃｔｏｒｙ（株）,スタンダード,貸借銘柄
7039,ブリッジインターナショナルグループ（株）,グロース,貸借銘柄
7047,ポート（株）,グロース,貸借銘柄
7048,ベルトラ（株）,グロース,貸借銘柄
7049,（株）識学,グロース,貸借銘柄
7059,（株）コプロ・ホールディングス,プライム,貸借銘柄
7060,ギークス（株）,スタンダード,貸借銘柄
7061,日本ホスピスホールディングス（株）,グロース,貸借銘柄
7065,ユーピーアール（株）,スタンダード,貸借銘柄
7068,フィードフォースグループ（株）,グロース,貸借銘柄
7071,（株）アンビスホールディングス,プライム,貸借銘柄
7085,（株）カーブスホールディングス,プライム,貸借銘柄
7087,（株）ウイルテック,スタンダード,貸借銘柄
7094,（株）ＮｅｘＴｏｎｅ,グロース,貸借銘柄
7096,（株）ステムセル研究所,グロース,貸借銘柄
7102,日本車輌製造（株）,プライム,貸借銘柄
7110,（株）クラシコム,グロース,貸借銘柄
7119,（株）ハルメクホールディングス,グロース,貸借銘柄
7122,近畿車輛（株）,スタンダード,貸借銘柄
7128,ユニソルホールディングス（株）,プライム,貸借銘柄
7130,ヤマエグループホールディングス（株）,プライム,貸借銘柄
7134,（株）アップガレージグループ,スタンダード,貸借銘柄
7135,ジャパンクラフトホールディングス（株）,スタンダード,貸借銘柄
7148,（株）ＦＰＧ,プライム,貸借銘柄
7150,（株）島根銀行,スタンダード,貸借銘柄
7157,ライフネット生命保険（株）,プライム,貸借銘柄
7161,（株）じもとホールディングス,スタンダード,貸借銘柄
7164,全国保証（株）,プライム,貸借銘柄
7167,（株）めぶきフィナンシャルグループ,プライム,貸借銘柄
7172,（株）ジャパンインベストメントアドバイザー,プライム,貸借銘柄
7173,（株）東京きらぼしフィナンシャルグループ,プライム,貸借銘柄
7180,（株）九州フィナンシャルグループ,プライム,貸借銘柄
7181,（株）かんぽ生命保険,プライム,貸借銘柄
7182,（株）ゆうちょ銀行,プライム,貸借銘柄
7183,あんしん保証（株）,スタンダード,貸借銘柄
7184,（株）富山第一銀行,プライム,貸借銘柄
7186,（株）横浜フィナンシャルグループ,プライム,貸借銘柄
7187,ジェイリース（株）,プライム,貸借銘柄
7189,（株）西日本フィナンシャルホールディングス,プライム,貸借銘柄
7191,（株）イントラスト,スタンダード,貸借銘柄
7192,日本モーゲージサービス（株）,スタンダード,貸借銘柄
7198,ＳＢＩアルヒ（株）,プライム,貸借銘柄
7199,プレミアグループ（株）,プライム,貸借銘柄
7201,日産自動車（株）,プライム,貸借銘柄
7202,いすゞ自動車（株）,プライム,貸借銘柄
7203,トヨタ自動車（株）,プライム,貸借銘柄
7211,三菱自動車工業（株）,プライム,貸借銘柄
7212,（株）エフテック,スタンダード,貸借銘柄
7213,レシップホールディングス（株）,スタンダード,貸借銘柄
7214,ＧＭＢ（株）,スタンダード,貸借銘柄
7220,武蔵精密工業（株）,プライム,貸借銘柄
7222,日産車体（株）,スタンダード,貸借銘柄
7224,新明和工業（株）,プライム,貸借銘柄
7226,極東開発工業（株）,プライム,貸借銘柄
7231,トピー工業（株）,プライム,貸借銘柄
7236,（株）ティラド,プライム,貸借銘柄
7238,曙ブレーキ工業（株）,プライム,貸借銘柄
7239,（株）タチエス,プライム,貸借銘柄
7240,ＮＯＫ（株）,プライム,貸借銘柄
7241,フタバ産業（株）,プライム,貸借銘柄
7242,カヤバ（株）,プライム,貸借銘柄
7244,市光工業（株）,プライム,貸借銘柄
7245,大同メタル工業（株）,プライム,貸借銘柄
7246,プレス工業（株）,プライム,貸借銘柄
7256,河西工業（株）,スタンダード,貸借銘柄
7259,（株）アイシン,プライム,貸借銘柄
7261,マツダ（株）,プライム,貸借銘柄
7266,（株）今仙電機製作所,スタンダード,貸借銘柄
7267,本田技研工業（株）,プライム,貸借銘柄
7269,スズキ（株）,プライム,貸借銘柄
7270,（株）ＳＵＢＡＲＵ,プライム,貸借銘柄
7272,ヤマハ発動機（株）,プライム,貸借銘柄
7276,（株）小糸製作所,プライム,貸借銘柄
7277,（株）ＴＢＫ,スタンダード,貸借銘柄
7278,（株）エクセディ,プライム,貸借銘柄
7279,（株）ハイレックスコーポレーション,スタンダード,貸借銘柄
7280,（株）ミツバ,プライム,貸借銘柄
7282,豊田合成（株）,プライム,貸借銘柄
7283,愛三工業（株）,プライム,貸借銘柄
7287,日本精機（株）,スタンダード,貸借銘柄
7291,日本プラスト（株）,スタンダード,貸借銘柄
7294,（株）ヨロズ,プライム,貸借銘柄
7296,（株）エフ・シー・シー,プライム,貸借銘柄
7305,新家工業（株）,スタンダード,貸借銘柄
7309,（株）シマノ,プライム,貸借銘柄
7313,テイ・エス　テック（株）,プライム,貸借銘柄
7322,（株）三十三フィナンシャルグループ,プライム,貸借銘柄
7327,（株）第四北越フィナンシャルグループ,プライム,貸借銘柄
7337,（株）ひろぎんホールディングス,プライム,貸借銘柄
7347,（株）マーキュリアホールディングス,プライム,貸借銘柄
7350,（株）おきなわフィナンシャルグループ,プライム,貸借銘柄
7354,（株）ダイレクトマーケティングミックス,スタンダード,貸借銘柄
7356,Ｒｅｔｔｙ（株）,グロース,貸借銘柄
7366,（株）ＬＩＴＡＬＩＣＯ,プライム,貸借銘柄
7368,表示灯（株）,スタンダード,貸借銘柄
7370,（株）Ｅｎｊｉｎ,グロース,貸借銘柄
7371,Ｚｅｎｋｅｎ（株）,グロース,貸借銘柄
7372,（株）デコルテ・ホールディングス,グロース,貸借銘柄
7373,（株）アイドマ・ホールディングス,グロース,貸借銘柄
7378,（株）アシロ,グロース,貸借銘柄
7380,（株）十六フィナンシャルグループ,プライム,貸借銘柄
7381,（株）ＣＣＩグループ,プライム,貸借銘柄
7383,（株）ネットプロテクションズホールディングス,プライム,貸借銘柄
7384,（株）プロクレアホールディングス,プライム,貸借銘柄
7388,（株）ＦＰパートナー,プライム,貸借銘柄
7389,（株）あいちフィナンシャルグループ,プライム,貸借銘柄
7412,（株）アトム,スタンダード,貸借銘柄
7414,小野建（株）,プライム,貸借銘柄
7416,（株）はるやまホールディングス,スタンダード,貸借銘柄
7417,（株）南陽,スタンダード,貸借銘柄
7419,（株）ノジマ,プライム,貸借銘柄
7421,カッパ・クリエイト（株）,プライム,貸借銘柄
7427,エコートレーディング（株）,スタンダード,貸借銘柄
7433,伯東（株）,プライム,貸借銘柄
7438,コンドーテック（株）,プライム,貸借銘柄
7442,中山福（株）,スタンダード,貸借銘柄
7443,横浜魚類（株）,スタンダード,貸借銘柄
7447,ナガイレーベン（株）,プライム,貸借銘柄
7453,（株）良品計画,プライム,貸借銘柄
7456,松田産業（株）,プライム,貸借銘柄
7458,（株）第一興商,プライム,貸借銘柄
7459,（株）メディパルホールディングス,プライム,貸借銘柄
7460,（株）ヤギ,スタンダード,貸借銘柄
7463,（株）アドヴァングループ,スタンダード,貸借銘柄
7466,ＳＰＫ（株）,プライム,貸借銘柄
7472,（株）鳥羽洋行,スタンダード,貸借銘柄
7475,アルビス（株）,プライム,貸借銘柄
7476,アズワン（株）,プライム,貸借銘柄
7480,スズデン（株）,スタンダード,貸借銘柄
7482,（株）シモジマ,プライム,貸借銘柄
7483,（株）ドウシシャ,プライム,貸借銘柄
7487,小津産業（株）,スタンダード,貸借銘柄
7494,（株）コナカ,スタンダード,貸借銘柄
7504,（株）高速,プライム,貸借銘柄
7506,（株）ハウス　オブ　ローゼ,スタンダード,貸借銘柄
7508,（株）Ｇ‐７ホールディングス,プライム,貸借銘柄
7510,（株）たけびし,プライム,貸借銘柄
7512,イオン北海道（株）,スタンダード,貸借銘柄
7513,（株）コジマ,プライム,貸借銘柄
7516,コーナン商事（株）,プライム,貸借銘柄
7522,ワタミ（株）,プライム,貸借銘柄
7523,アールビバン（株）,スタンダード,貸借銘柄
7524,マルシェ（株）,スタンダード,貸借銘柄
7525,リックス（株）,プライム,貸借銘柄
7532,（株）パン・パシフィック・インターナショナルホールディングス,プライム,貸借銘柄
7537,丸文（株）,プライム,貸借銘柄
7538,（株）大水,スタンダード,貸借銘柄
7539,（株）アイナボホールディングス,スタンダード,貸借銘柄
7544,（株）スリーエフ,スタンダード,貸借銘柄
7545,（株）西松屋チェーン,プライム,貸借銘柄
7550,（株）ゼンショーホールディングス,プライム,貸借銘柄
7551,（株）ウェッズ,スタンダード,貸借銘柄
7552,（株）ハピネット,プライム,貸借銘柄
7554,（株）幸楽苑,プライム,貸借銘柄
7561,（株）ハークスレイホールディングス,スタンダード,貸借銘柄
7564,（株）ワークマン,スタンダード,貸借銘柄
7570,橋本総業ホールディングス（株）,スタンダード,貸借銘柄
7571,（株）ヤマノホールディングス,スタンダード,貸借銘柄
7575,日本ライフライン（株）,プライム,貸借銘柄
7581,（株）サイゼリヤ,プライム,貸借銘柄
7593,ＶＴホールディングス（株）,プライム,貸借銘柄
7595,（株）アルゴグラフィックス,プライム,貸借銘柄
7599,（株）ＩＤＯＭ,プライム,貸借銘柄
7600,（株）日本エム・ディ・エム,プライム,貸借銘柄
7602,（株）レダックス,スタンダード,貸借銘柄
7603,ジーイエット（株）,スタンダード,貸借銘柄
7606,（株）ユナイテッドアローズ,プライム,貸借銘柄
7607,（株）進和,プライム,貸借銘柄
7608,（株）エスケイジャパン,スタンダード,貸借銘柄
7609,ダイトロン（株）,プライム,貸借銘柄
7610,（株）テイツー,スタンダード,貸借銘柄
7611,（株）ハイデイ日高,プライム,貸借銘柄
7613,シークス（株）,プライム,貸借銘柄
7615,（株）京都きもの友禅ホールディングス,スタンダード,貸借銘柄
7616,（株）コロワイド,プライム,貸借銘柄
7619,田中商事（株）,スタンダード,貸借銘柄
7625,（株）グローバルダイニング,スタンダード,貸借銘柄
7628,（株）オーハシテクニカ,プライム,貸借銘柄
7630,（株）壱番屋,プライム,貸借銘柄
7637,白銅（株）,プライム,貸借銘柄
7638,（株）ＮＥＷ　ＡＲＴ　ＨＯＬＤＩＮＧＳ,スタンダード,貸借銘柄
7640,（株）トップカルチャー,スタンダード,貸借銘柄
7649,スギホールディングス（株）,プライム,貸借銘柄
7678,（株）あさくま,スタンダード,貸借銘柄
7679,（株）薬王堂ホールディングス,プライム,貸借銘柄
7686,（株）ひとまいる,スタンダード,貸借銘柄
7701,（株）島津製作所,プライム,貸借銘柄
7702,（株）ＪＭＳ,スタンダード,貸借銘柄
7707,プレシジョン・システム・サイエンス（株）,グロース,貸借銘柄
7715,長野計器（株）,プライム,貸借銘柄
7716,（株）ナカニシ,スタンダード,貸借銘柄
7717,（株）ブイ・テクノロジー,プライム,貸借銘柄
7721,東京計器（株）,プライム,貸借銘柄
7723,愛知時計電機（株）,プライム,貸借銘柄
7725,（株）インターアクション,プライム,貸借銘柄
7726,黒田精工（株）,スタンダード,貸借銘柄
7727,（株）オーバル,スタンダード,貸借銘柄
7729,（株）東京精密,プライム,貸借銘柄
7730,マニー（株）,プライム,貸借銘柄
7731,（株）ニコン,プライム,貸借銘柄
7733,オリンパス（株）,プライム,貸借銘柄
7734,理研計器（株）,プライム,貸借銘柄
7735,（株）ＳＣＲＥＥＮホールディングス,プライム,貸借銘柄
7740,（株）タムロン,プライム,貸借銘柄
7741,ＨＯＹＡ（株）,プライム,貸借銘柄
7743,（株）シード,スタンダード,貸借銘柄
7744,ノーリツ鋼機（株）,プライム,貸借銘柄
7745,（株）Ａ＆Ｄホロンホールディングス,プライム,貸借銘柄
7746,岡本硝子（株）,スタンダード,貸借銘柄
7747,朝日インテック（株）,プライム,貸借銘柄
7751,キヤノン（株）,プライム,貸借銘柄
7752,（株）リコー,プライム,貸借銘柄
7762,シチズン時計（株）,プライム,貸借銘柄
7769,リズム（株）,プライム,貸借銘柄
7774,（株）ジャパン・ティッシュエンジニアリング,グロース,貸借銘柄
7779,ＣＹＢＥＲＤＹＮＥ（株）,グロース,貸借銘柄
7780,（株）メニコン,プライム,貸借銘柄
7782,（株）シンシア,スタンダード,貸借銘柄
7795,（株）ＫＹＯＲＩＴＳＵ,スタンダード,貸借銘柄
7803,（株）ブシロード,グロース,貸借銘柄
7805,プリントネット（株）,スタンダード,貸借銘柄
7806,（株）ＭＴＧ,グロース,貸借銘柄
7810,（株）クロスフォー,スタンダード,貸借銘柄
7811,中本パックス（株）,スタンダード,貸借銘柄
7812,（株）クレステック,スタンダード,貸借銘柄
7814,（株）日本創発グループ,スタンダード,貸借銘柄
7818,（株）トランザクション,プライム,貸借銘柄
7819,粧美堂（株）,スタンダード,貸借銘柄
7820,ニホンフラッシュ（株）,プライム,貸借銘柄
7821,前田工繊（株）,プライム,貸借銘柄
7822,永大産業（株）,スタンダード,貸借銘柄
7823,（株）アートネイチャー,スタンダード,貸借銘柄
7826,（株）フルヤ金属,プライム,貸借銘柄
7832,（株）バンダイナムコホールディングス,プライム,貸借銘柄
7833,（株）アイフィスジャパン,スタンダード,貸借銘柄
7837,（株）アールシーコア,スタンダード,貸借銘柄
7839,（株）ＳＨＯＥＩ,プライム,貸借銘柄
7840,フランスベッドホールディングス（株）,プライム,貸借銘柄
7844,（株）マーベラス,プライム,貸借銘柄
7846,（株）パイロットコーポレーション,プライム,貸借銘柄
7856,萩原工業（株）,プライム,貸借銘柄
7859,（株）アルメディオ,スタンダード,貸借銘柄
7860,エイベックス（株）,プライム,貸借銘柄
7864,（株）フジシールインターナショナル,プライム,貸借銘柄
7867,（株）タカラトミー,プライム,貸借銘柄
7868,（株）広済堂ホールディングス,プライム,貸借銘柄
7874,レック（株）,プライム,貸借銘柄
7879,（株）ノダ,スタンダード,貸借銘柄
7885,タカノ（株）,スタンダード,貸借銘柄
7888,三光合成（株）,プライム,貸借銘柄
7893,（株）プロネクサス,プライム,貸借銘柄
7897,ホクシン（株）,スタンダード,貸借銘柄
7898,（株）ウッドワン,スタンダード,貸借銘柄
7906,ヨネックス（株）,スタンダード,貸借銘柄
7911,ＴＯＰＰＡＮホールディングス（株）,プライム,貸借銘柄
7912,大日本印刷（株）,プライム,貸借銘柄
7914,共同印刷（株）,プライム,貸借銘柄
7915,ＮＩＳＳＨＡ（株）,プライム,貸借銘柄
7916,光村印刷（株）,スタンダード,貸借銘柄
7917,ＺＡＣＲＯＳ（株）,プライム,貸借銘柄
7919,野崎印刷紙業（株）,スタンダード,貸借銘柄
7921,（株）ＴＡＫＡＲＡ　＆　ＣＯＭＰＡＮＹ,プライム,貸借銘柄
7927,ムトー精工（株）,スタンダード,貸借銘柄
7931,未来工業（株）,プライム,貸借銘柄
7936,（株）アシックス,プライム,貸借銘柄
7937,（株）ツツミ,スタンダード,貸借銘柄
7942,（株）ＪＳＰ,プライム,貸借銘柄
7943,ニチハ（株）,プライム,貸借銘柄
7944,ローランド（株）,プライム,貸借銘柄
7947,（株）エフピコ,プライム,貸借銘柄
7949,小松ウオール工業（株）,プライム,貸借銘柄
7951,ヤマハ（株）,プライム,貸借銘柄
7952,（株）河合楽器製作所,プライム,貸借銘柄
7955,クリナップ（株）,プライム,貸借銘柄
7956,ピジョン（株）,プライム,貸借銘柄
7962,（株）キングジム,プライム,貸借銘柄
7963,興研（株）,スタンダード,貸借銘柄
7965,象印マホービン（株）,プライム,貸借銘柄
7966,リンテック（株）,プライム,貸借銘柄
7970,信越ポリマー（株）,プライム,貸借銘柄
7971,東リ（株）,スタンダード,貸借銘柄
7972,（株）イトーキ,プライム,貸借銘柄
7974,任天堂（株）,プライム,貸借銘柄
7975,（株）リヒトラブ,スタンダード,貸借銘柄
7976,三菱鉛筆（株）,プライム,貸借銘柄
7979,（株）松風,プライム,貸借銘柄
7981,タカラスタンダード（株）,プライム,貸借銘柄
7984,コクヨ（株）,プライム,貸借銘柄
7987,ナカバヤシ（株）,スタンダード,貸借銘柄
7988,（株）ニフコ,プライム,貸借銘柄
7989,立川ブラインド工業（株）,プライム,貸借銘柄
7990,グローブライド（株）,プライム,貸借銘柄
7991,マミヤ・オーピー（株）,スタンダード,貸借銘柄
7994,（株）オカムラ,プライム,貸借銘柄
7995,（株）バルカー,プライム,貸借銘柄
8001,伊藤忠商事（株）,プライム,貸借銘柄
8002,丸紅（株）,プライム,貸借銘柄
8005,（株）スクロール,プライム,貸借銘柄
8006,ユアサ・フナショク（株）,スタンダード,貸借銘柄
8007,高島（株）,プライム,貸借銘柄
8008,（株）ヨンドシーホールディングス,プライム,貸借銘柄
8011,（株）三陽商会,プライム,貸借銘柄
8012,長瀬産業（株）,プライム,貸借銘柄
8013,（株）ナイガイ,スタンダード,貸借銘柄
8014,蝶理（株）,プライム,貸借銘柄
8015,豊田通商（株）,プライム,貸借銘柄
8016,（株）オンワードホールディングス,プライム,貸借銘柄
8018,三共生興（株）,スタンダード,貸借銘柄
8020,兼松（株）,プライム,貸借銘柄
8022,美津濃（株）,プライム,貸借銘柄
8023,ＤＡＩＫＯ　ＸＴＥＣＨ（株）,スタンダード,貸借銘柄
8029,（株）ルックホールディングス,スタンダード,貸借銘柄
8030,中央魚類（株）,スタンダード,貸借銘柄
8031,三井物産（株）,プライム,貸借銘柄
8032,日本紙パルプ商事（株）,プライム,貸借銘柄
8035,東京エレクトロン（株）,プライム,貸借銘柄
8037,カメイ（株）,プライム,貸借銘柄
8039,築地魚市場（株）,スタンダード,貸借銘柄
8041,ＯＵＧホールディングス（株）,スタンダード,貸借銘柄
8043,スターゼン（株）,プライム,貸借銘柄
8046,丸藤シートパイル（株）,スタンダード,貸借銘柄
8050,セイコーグループ（株）,プライム,貸借銘柄
8051,（株）山善,プライム,貸借銘柄
8052,椿本興業（株）,プライム,貸借銘柄
8053,住友商事（株）,プライム,貸借銘柄
8056,ＢＩＰＲＯＧＹ（株）,プライム,貸借銘柄
8057,（株）内田洋行,プライム,貸借銘柄
8058,三菱商事（株）,プライム,貸借銘柄
8059,第一実業（株）,プライム,貸借銘柄
8060,キヤノンマーケティングジャパン（株）,プライム,貸借銘柄
8061,西華産業（株）,プライム,貸借銘柄
8065,佐藤商事（株）,プライム,貸借銘柄
8066,三谷商事（株）,スタンダード,貸借銘柄
8070,東京産業（株）,プライム,貸借銘柄
8074,（株）ＹＵＡＳＡ,プライム,貸借銘柄
8075,神鋼商事（株）,プライム,貸借銘柄
8076,（株）カノークス,スタンダード,貸借銘柄
8077,トルク（株）,スタンダード,貸借銘柄
8078,阪和興業（株）,プライム,貸借銘柄
8079,正栄食品工業（株）,プライム,貸借銘柄
8084,（株）ＲＹＯＤＥＮ,プライム,貸借銘柄
8086,ニプロ（株）,プライム,貸借銘柄
8088,岩谷産業（株）,プライム,貸借銘柄
8089,ナイス（株）,スタンダード,貸借銘柄
8091,ニチモウ（株）,プライム,貸借銘柄
8093,極東貿易（株）,プライム,貸借銘柄
8095,アステナホールディングス（株）,プライム,貸借銘柄
8097,三愛オブリ（株）,プライム,貸借銘柄
8098,稲畑産業（株）,プライム,貸借銘柄
8101,（株）ＧＳＩクレオス,プライム,貸借銘柄
8103,明和産業（株）,プライム,貸借銘柄
8107,（株）キムラタン,スタンダード,貸借銘柄
8111,（株）ゴールドウイン,プライム,貸借銘柄
8113,ユニ・チャーム（株）,プライム,貸借銘柄
8115,ムーンバット（株）,スタンダード,貸借銘柄
8117,中央自動車工業（株）,スタンダード,貸借銘柄
8118,（株）キング,スタンダード,貸借銘柄
8125,（株）ワキタ,プライム,貸借銘柄
8127,ヤマトインターナショナル（株）,スタンダード,貸借銘柄
8129,東邦ホールディングス（株）,プライム,貸借銘柄
8130,（株）サンゲツ,プライム,貸借銘柄
8131,（株）ミツウロコグループホールディングス,スタンダード,貸借銘柄
8132,シナネンホールディングス（株）,プライム,貸借銘柄
8133,伊藤忠エネクス（株）,プライム,貸借銘柄
8136,（株）サンリオ,プライム,貸借銘柄
8137,サンワテクノス（株）,プライム,貸借銘柄
8139,（株）ナガホリ,スタンダード,貸借銘柄
8141,新光商事（株）,プライム,貸借銘柄
8142,（株）トーホー,プライム,貸借銘柄
8150,三信電気（株）,プライム,貸借銘柄
8151,（株）東陽テクニカ,プライム,貸借銘柄
8153,（株）モスフードサービス,プライム,貸借銘柄
8154,加賀電子（株）,プライム,貸借銘柄
8157,都築電気（株）,プライム,貸借銘柄
8158,ソーダニッカ（株）,プライム,貸借銘柄
8159,（株）立花エレテック,プライム,貸借銘柄
8160,（株）木曽路,プライム,貸借銘柄
8163,ＳＲＳホールディングス（株）,プライム,貸借銘柄
8165,（株）千趣会,スタンダード,貸借銘柄
8167,（株）リテールパートナーズ,プライム,貸借銘柄
8173,（株）Ｊｏｓｈｉｎ,プライム,貸借銘柄
8174,日本瓦斯（株）,プライム,貸借銘柄
8179,ロイヤルホールディングス（株）,プライム,貸借銘柄
8185,（株）チヨダ,プライム,貸借銘柄
8194,（株）ライフコーポレーション,プライム,貸借銘柄
8200,（株）リンガーハット,プライム,貸借銘柄
8202,ラオックスホールディングス（株）,スタンダード,貸借銘柄
8203,（株）ＭｒＭａｘＨＤ,プライム,貸借銘柄
8214,（株）ＡＯＫＩホールディングス,プライム,貸借銘柄
8217,（株）オークワ,プライム,貸借銘柄
8218,（株）コメリ,プライム,貸借銘柄
8219,青山商事（株）,プライム,貸借銘柄
8227,（株）しまむら,プライム,貸借銘柄
8230,（株）はせがわ,スタンダード,貸借銘柄
8233,（株）高島屋,プライム,貸借銘柄
8237,（株）松屋,プライム,貸借銘柄
8242,エイチ・ツー・オー　リテイリング（株）,プライム,貸借銘柄
8244,（株）近鉄百貨店,スタンダード,貸借銘柄
8252,（株）丸井グループ,プライム,貸借銘柄
8253,（株）クレディセゾン,プライム,貸借銘柄
8254,（株）さいか屋,スタンダード,貸借銘柄
8255,アクシアル　リテイリング（株）,プライム,貸借銘柄
8260,（株）井筒屋,スタンダード,貸借銘柄
8267,イオン（株）,プライム,貸借銘柄
8273,（株）イズミ,プライム,貸借銘柄
8275,（株）フォーバル,スタンダード,貸借銘柄
8276,（株）平和堂,プライム,貸借銘柄
8278,（株）フジ,プライム,貸借銘柄
8281,ゼビオホールディングス（株）,プライム,貸借銘柄
8282,（株）ケーズホールディングス,プライム,貸借銘柄
8285,三谷産業（株）,スタンダード,貸借銘柄
8291,日産東京販売ホールディングス（株）,スタンダード,貸借銘柄
8303,（株）ＳＢＩ新生銀行,プライム,貸借銘柄
8304,（株）あおぞら銀行,プライム,貸借銘柄
8306,（株）三菱ＵＦＪフィナンシャル・グループ,プライム,貸借銘柄
8308,（株）りそなホールディングス,プライム,貸借銘柄
8309,三井住友トラストグループ（株）,プライム,貸借銘柄
8316,（株）三井住友フィナンシャルグループ,プライム,貸借銘柄
8331,（株）千葉銀行,プライム,貸借銘柄
8334,（株）群馬銀行,プライム,貸借銘柄
8336,（株）武蔵野銀行,プライム,貸借銘柄
8337,（株）千葉興業銀行,プライム,貸借銘柄
8338,（株）筑波銀行,プライム,貸借銘柄
8341,（株）七十七銀行,プライム,貸借銘柄
8343,（株）秋田銀行,プライム,貸借銘柄
8344,（株）山形銀行,プライム,貸借銘柄
8345,（株）岩手銀行,プライム,貸借銘柄
8346,（株）東邦銀行,プライム,貸借銘柄
8349,（株）東北銀行,スタンダード,貸借銘柄
8354,（株）ふくおかフィナンシャルグループ,プライム,貸借銘柄
8358,スルガ銀行（株）,プライム,貸借銘柄
8359,（株）八十二長野銀行,プライム,貸借銘柄
8360,（株）山梨中央銀行,プライム,貸借銘柄
8361,（株）大垣共立銀行,プライム,貸借銘柄
8362,（株）福井銀行,プライム,貸借銘柄
8364,（株）清水銀行,プライム,貸借銘柄
8365,（株）富山銀行,スタンダード,貸借銘柄
8366,（株）滋賀銀行,プライム,貸借銘柄
8367,（株）南都銀行,プライム,貸借銘柄
8368,（株）百五銀行,プライム,貸借銘柄
8370,（株）紀陽銀行,プライム,貸借銘柄
8377,（株）ほくほくフィナンシャルグループ,プライム,貸借銘柄
8381,（株）山陰合同銀行,プライム,貸借銘柄
8383,（株）鳥取銀行,スタンダード,貸借銘柄
8386,（株）百十四銀行,プライム,貸借銘柄
8387,（株）四国銀行,プライム,貸借銘柄
8388,（株）阿波銀行,プライム,貸借銘柄
8392,（株）大分銀行,プライム,貸借銘柄
8393,（株）宮崎銀行,プライム,貸借銘柄
8395,（株）佐賀銀行,プライム,貸借銘柄
8399,（株）琉球銀行,プライム,貸借銘柄
8410,（株）セブン銀行,プライム,貸借銘柄
8411,（株）みずほフィナンシャルグループ,プライム,貸借銘柄
8416,（株）高知銀行,スタンダード,貸借銘柄
8418,（株）山口フィナンシャルグループ,プライム,貸借銘柄
8421,信金中央金庫,優先出資証券,貸借銘柄
8424,芙蓉総合リース（株）,プライム,貸借銘柄
8425,みずほリース（株）,プライム,貸借銘柄
8439,東京センチュリー（株）,プライム,貸借銘柄
8473,ＳＢＩホールディングス（株）,プライム,貸借銘柄
8508,Ｊトラスト（株）,スタンダード,貸借銘柄
8511,日本証券金融（株）,プライム,貸借銘柄
8522,（株）名古屋銀行,プライム,貸借銘柄
8524,（株）北洋銀行,プライム,貸借銘柄
8537,（株）大光銀行,スタンダード,貸借銘柄
8541,（株）愛媛銀行,プライム,貸借銘柄
8542,（株）トマト銀行,スタンダード,貸借銘柄
8544,（株）京葉銀行,プライム,貸借銘柄
8550,（株）栃木銀行,プライム,貸借銘柄
8551,（株）北日本銀行,プライム,貸借銘柄
8558,（株）東和銀行,プライム,貸借銘柄
8562,（株）福島銀行,スタンダード,貸借銘柄
8563,（株）大東銀行,スタンダード,貸借銘柄
8566,リコーリース（株）,プライム,貸借銘柄
8570,イオンフィナンシャルサービス（株）,プライム,貸借銘柄
8572,アコム（株）,スタンダード,貸借銘柄
8584,（株）ジャックス,プライム,貸借銘柄
8585,（株）オリエントコーポレーション,プライム,貸借銘柄
8591,オリックス（株）,プライム,貸借銘柄
8593,三菱ＨＣキャピタル（株）,プライム,貸借銘柄
8595,ジャフコ　グループ（株）,プライム,貸借銘柄
8596,（株）九州リースサービス,スタンダード,貸借銘柄
8600,トモニホールディングス（株）,プライム,貸借銘柄
8601,（株）大和証券グループ本社,プライム,貸借銘柄
8604,野村ホールディングス（株）,プライム,貸借銘柄
8609,（株）岡三証券グループ,プライム,貸借銘柄
8613,丸三証券（株）,プライム,貸借銘柄
8614,東洋証券（株）,プライム,貸借銘柄
8616,東海東京フィナンシャル・ホールディングス（株）,プライム,貸借銘柄
8617,光世証券（株）,スタンダード,貸借銘柄
8622,水戸証券（株）,プライム,貸借銘柄
8624,いちよし証券（株）,プライム,貸借銘柄
8628,松井証券（株）,プライム,貸借銘柄
8630,ＳＯＭＰＯホールディングス（株）,プライム,貸借銘柄
8697,（株）日本取引所グループ,プライム,貸借銘柄
8698,マネックスグループ（株）,プライム,貸借銘柄
8699,ＨＳホールディングス（株）,スタンダード,貸借銘柄
8704,トレイダーズホールディングス（株）,スタンダード,貸借銘柄
8705,日産証券グループ（株）,スタンダード,貸借銘柄
8706,極東証券（株）,プライム,貸借銘柄
8707,岩井コスモホールディングス（株）,プライム,貸借銘柄
8708,アイザワ証券グループ（株）,プライム,貸借銘柄
8713,フィデアホールディングス（株）,プライム,貸借銘柄
8714,（株）池田泉州ホールディングス,プライム,貸借銘柄
8715,アニコム　ホールディングス（株）,プライム,貸借銘柄
8725,ＭＳ＆ＡＤインシュアランスグループホールディングス（株）,プライム,貸借銘柄
8729,ソニーフィナンシャルグループ（株）,プライム,貸借銘柄
8739,スパークス・グループ（株）,プライム,貸借銘柄
8742,（株）小林洋行,スタンダード,貸借銘柄
8750,（株）第一ライフグループ,プライム,貸借銘柄
8766,東京海上ホールディングス（株）,プライム,貸借銘柄
8769,（株）アドバンテッジリスクマネジメント,スタンダード,貸借銘柄
8771,イー・ギャランティ（株）,プライム,貸借銘柄
8789,フィンテック　グローバル（株）,スタンダード,貸借銘柄
8793,ＮＥＣキャピタルソリューション（株）,プライム,貸借銘柄
8795,（株）Ｔ＆Ｄホールディングス,プライム,貸借銘柄
8801,三井不動産（株）,プライム,貸借銘柄
8802,三菱地所（株）,プライム,貸借銘柄
8803,平和不動産（株）,プライム,貸借銘柄
8804,東京建物（株）,プライム,貸借銘柄
8818,京阪神ビルディング（株）,プライム,貸借銘柄
8830,住友不動産（株）,プライム,貸借銘柄
8835,太平洋興発（株）,スタンダード,貸借銘柄
8841,（株）テーオーシー,スタンダード,貸借銘柄
8844,（株）コスモスイニシア,スタンダード,貸借銘柄
8848,（株）レオパレス２１,プライム,貸借銘柄
8850,スターツコーポレーション（株）,プライム,貸借銘柄
8860,フジ住宅（株）,プライム,貸借銘柄
8869,明和地所（株）,スタンダード,貸借銘柄
8871,（株）ゴールドクレスト,スタンダード,貸借銘柄
8876,（株）リログループ,プライム,貸借銘柄
8877,エスリード（株）,プライム,貸借銘柄
8881,（株）日神グループホールディングス,プライム,貸借銘柄
8887,（株）シーラホールディングス,スタンダード,貸借銘柄
8892,（株）エスコン,プライム,貸借銘柄
8894,（株）ＲＥＶＯＬＵＴＩＯＮ,スタンダード,貸借銘柄
8897,ＭＩＲＡＲＴＨホールディングス（株）,プライム,貸借銘柄
8904,（株）ＡＶＡＮＴＩＡ,スタンダード,貸借銘柄
8908,（株）毎日コムネット,スタンダード,貸借銘柄
8912,（株）エリアクエスト,スタンダード,貸借銘柄
8914,エリアリンク（株）,スタンダード,貸借銘柄
8917,ファースト住建（株）,スタンダード,貸借銘柄
8919,（株）カチタス,プライム,貸借銘柄
8920,（株）東祥,スタンダード,貸借銘柄
8923,トーセイ（株）,プライム,貸借銘柄
8927,（株）明豊エンタープライズ,スタンダード,貸借銘柄
8928,穴吹興産（株）,スタンダード,貸借銘柄
8931,和田興産（株）,スタンダード,貸借銘柄
8934,サンフロンティア不動産（株）,プライム,貸借銘柄
8935,（株）ＦＪネクストホールディングス,プライム,貸借銘柄
8951,日本ビルファンド投資法人,REIT,貸借銘柄
8952,ジャパンリアルエステイト投資法人,REIT,貸借銘柄
8953,日本都市ファンド投資法人,REIT,貸借銘柄
8954,オリックス不動産投資法人,REIT,貸借銘柄
8955,日本プライムリアルティ投資法人,REIT,貸借銘柄
8956,ＮＴＴ都市開発リート投資法人,REIT,貸借銘柄
8957,東急リアル・エステート投資法人,REIT,貸借銘柄
8958,グローバル・ワン不動産投資法人,REIT,貸借銘柄
8960,ユナイテッド・アーバン投資法人,REIT,貸借銘柄
8961,森トラストリート投資法人,REIT,貸借銘柄
8963,インヴィンシブル投資法人,REIT,貸借銘柄
8964,三井不動産商業ファンド投資法人,REIT,貸借銘柄
8966,平和不動産リート投資法人,REIT,貸借銘柄
8967,日本ロジスティクスファンド投資法人,REIT,貸借銘柄
8968,福岡リート投資法人,REIT,貸借銘柄
8972,ＫＤＸ不動産投資法人,REIT,貸借銘柄
8975,いちごオフィスリート投資法人,REIT,貸借銘柄
8976,大和証券オフィス投資法人,REIT,貸借銘柄
8977,阪急阪神リート投資法人,REIT,貸借銘柄
8984,大和ハウスリート投資法人,REIT,貸借銘柄
8985,ジャパン・ホテル・リート投資法人,REIT,貸借銘柄
8986,大和証券リビング投資法人,REIT,貸借銘柄
8987,ジャパンエクセレント投資法人,REIT,貸借銘柄
8996,（株）ハウスフリーダム,スタンダード,貸借銘柄
8999,グランディハウス（株）,プライム,貸借銘柄
9001,東武鉄道（株）,プライム,貸借銘柄
9003,相鉄ホールディングス（株）,プライム,貸借銘柄
9005,東急（株）,プライム,貸借銘柄
9006,京浜急行電鉄（株）,プライム,貸借銘柄
9007,小田急電鉄（株）,プライム,貸借銘柄
9008,京王電鉄（株）,プライム,貸借銘柄
9009,京成電鉄（株）,プライム,貸借銘柄
9010,富士急行（株）,プライム,貸借銘柄
9020,東日本旅客鉄道（株）,プライム,貸借銘柄
9021,西日本旅客鉄道（株）,プライム,貸借銘柄
9022,東海旅客鉄道（株）,プライム,貸借銘柄
9023,東京地下鉄（株）,プライム,貸借銘柄
9024,（株）西武ホールディングス,プライム,貸借銘柄
9025,鴻池運輸（株）,プライム,貸借銘柄
9028,（株）ゼロ,スタンダード,貸借銘柄
9031,西日本鉄道（株）,プライム,貸借銘柄
9033,広島電鉄（株）,スタンダード,貸借銘柄
9037,（株）ハマキョウレックス,プライム,貸借銘柄
9039,（株）サカイ引越センター,プライム,貸借銘柄
9041,近鉄グループホールディングス（株）,プライム,貸借銘柄
9042,阪急阪神ホールディングス（株）,プライム,貸借銘柄
9044,（株）ＮＡＮＫＡＩ,プライム,貸借銘柄
9045,京阪ホールディングス（株）,プライム,貸借銘柄
9046,神戸電鉄（株）,スタンダード,貸借銘柄
9048,名古屋鉄道（株）,プライム,貸借銘柄
9052,山陽電気鉄道（株）,プライム,貸借銘柄
9059,カンダホールディングス（株）,スタンダード,貸借銘柄
9064,ヤマトホールディングス（株）,プライム,貸借銘柄
9065,山九（株）,プライム,貸借銘柄
9068,丸全昭和運輸（株）,プライム,貸借銘柄
9069,センコーグループホールディングス（株）,プライム,貸借銘柄
9072,ニッコンホールディングス（株）,プライム,貸借銘柄
9074,日本石油輸送（株）,スタンダード,貸借銘柄
9075,福山通運（株）,プライム,貸借銘柄
9076,セイノーホールディングス（株）,プライム,貸借銘柄
9081,神奈川中央交通（株）,プライム,貸借銘柄
9083,神姫バス（株）,スタンダード,貸借銘柄
9090,ＡＺ－ＣＯＭ丸和ホールディングス（株）,プライム,貸借銘柄
9101,日本郵船（株）,プライム,貸借銘柄
9104,（株）商船三井,プライム,貸借銘柄
9107,川崎汽船（株）,プライム,貸借銘柄
9110,ＮＳユナイテッド海運（株）,プライム,貸借銘柄
9119,飯野海運（株）,プライム,貸借銘柄
9130,共栄タンカー（株）,スタンダード,貸借銘柄
9142,九州旅客鉄道（株）,プライム,貸借銘柄
9143,ＳＧホールディングス（株）,プライム,貸借銘柄
9145,（株）ビーイングホールディングス,スタンダード,貸借銘柄
9147,ＮＩＰＰＯＮ　ＥＸＰＲＥＳＳホールディングス（株）,プライム,貸借銘柄
9158,（株）シーユーシー,グロース,貸借銘柄
9160,（株）オンザページ,スタンダード,貸借銘柄
9201,日本航空（株）,プライム,貸借銘柄
9202,ＡＮＡホールディングス（株）,プライム,貸借銘柄
9216,ビーウィズ（株）,プライム,貸借銘柄
9218,（株）メンタルヘルステクノロジーズ,グロース,貸借銘柄
9219,（株）ギックス,グロース,貸借銘柄
9227,マイクロ波化学（株）,グロース,貸借銘柄
9229,（株）サンウェルズ,プライム,貸借銘柄
9233,アジア航測（株）,スタンダード,貸借銘柄
9247,ＴＲＥホールディングス（株）,プライム,貸借銘柄
9262,（株）シルバーライフ,スタンダード,貸借銘柄
9264,ポエック（株）,スタンダード,貸借銘柄
9267,Ｇｅｎｋｙ　ＤｒｕｇＳｔｏｒｅｓ（株）,プライム,貸借銘柄
9268,（株）オプティマスグループ,スタンダード,貸借銘柄
9270,バリュエンスホールディングス（株）,グロース,貸借銘柄
9273,コーア商事ホールディングス（株）,プライム,貸借銘柄
9274,ＫＰＰグループホールディングス（株）,プライム,貸借銘柄
9278,ブックオフグループホールディングス（株）,プライム,貸借銘柄
9279,（株）ギフトホールディングス,プライム,貸借銘柄
9286,エネクス・インフラ投資法人,インフラファンド,貸借銘柄
9301,三菱倉庫（株）,プライム,貸借銘柄
9302,三井倉庫ホールディングス（株）,プライム,貸借銘柄
9303,（株）住友倉庫,プライム,貸借銘柄
9304,澁澤倉庫（株）,プライム,貸借銘柄
9305,（株）ヤマタネ,プライム,貸借銘柄
9306,東陽倉庫（株）,スタンダード,貸借銘柄
9307,（株）杉村倉庫,スタンダード,貸借銘柄
9308,乾汽船（株）,スタンダード,貸借銘柄
9310,日本トランスシティ（株）,プライム,貸借銘柄
9312,ケイヒン（株）,スタンダード,貸借銘柄
9319,（株）中央倉庫,プライム,貸借銘柄
9324,安田倉庫（株）,プライム,貸借銘柄
9332,ＮＩＳＳＯホールディングス（株）,プライム,貸借銘柄
9336,大栄環境（株）,プライム,貸借銘柄
9347,日本管財ホールディングス（株）,プライム,貸借銘柄
9351,東洋埠頭（株）,スタンダード,貸借銘柄
9364,（株）上組,プライム,貸借銘柄
9366,（株）サンリツ,スタンダード,貸借銘柄
9368,キムラユニティー（株）,スタンダード,貸借銘柄
9369,（株）キユーソー流通システム,スタンダード,貸借銘柄
9376,（株）ユーラシア旅行社,スタンダード,貸借銘柄
9380,東海運（株）,スタンダード,貸借銘柄
9385,（株）ショーエイコーポレーション,スタンダード,貸借銘柄
9401,（株）ＴＢＳホールディングス,プライム,貸借銘柄
9404,日本テレビホールディングス（株）,プライム,貸借銘柄
9405,朝日放送グループホールディングス（株）,プライム,貸借銘柄
9409,（株）テレビ朝日ホールディングス,プライム,貸借銘柄
9412,スカパーＪＳＡＴ（株）,プライム,貸借銘柄
9413,（株）テレビ東京ホールディングス,プライム,貸借銘柄
9414,日本ＢＳ放送（株）,スタンダード,貸借銘柄
9416,（株）ビジョン,プライム,貸借銘柄
9417,（株）スマートバリュー,スタンダード,貸借銘柄
9418,（株）Ｕ－ＮＥＸＴ　ＨＯＬＤＩＮＧＳ,プライム,貸借銘柄
9419,（株）ワイヤレスゲート,スタンダード,貸借銘柄
9423,（株）フォーバル・リアルストレート,スタンダード,貸借銘柄
9424,日本通信（株）,プライム,貸借銘柄
9428,（株）クロップス,スタンダード,貸借銘柄
9432,ＮＴＴ（株）,プライム,貸借銘柄
9433,ＫＤＤＩ（株）,プライム,貸借銘柄
9434,ソフトバンク（株）,プライム,貸借銘柄
9435,（株）光通信,プライム,貸借銘柄
9436,沖縄セルラー電話（株）,スタンダード,貸借銘柄
9438,（株）エムティーアイ,プライム,貸借銘柄
9439,（株）エム・エイチ・グループ,スタンダード,貸借銘柄
9441,（株）ベルパーク,スタンダード,貸借銘柄
9445,（株）フォーバルテレコム,スタンダード,貸借銘柄
9449,ＧＭＯインターネットグループ（株）,プライム,貸借銘柄
9450,（株）ファイバーゲート,スタンダード,貸借銘柄
9466,（株）アイドママーケティングコミュニケーション,スタンダード,貸借銘柄
9467,（株）アルファポリス,グロース,貸借銘柄
9468,（株）ＫＡＤＯＫＡＷＡ,プライム,貸借銘柄
9470,（株）学研ホールディングス,プライム,貸借銘柄
9474,（株）ゼンリン,プライム,貸借銘柄
9475,（株）昭文社ホールディングス,スタンダード,貸借銘柄
9501,東京電力ホールディングス（株）,プライム,貸借銘柄
9502,中部電力（株）,プライム,貸借銘柄
9503,関西電力（株）,プライム,貸借銘柄
9504,中国電力（株）,プライム,貸借銘柄
9505,北陸電力（株）,プライム,貸借銘柄
9506,東北電力（株）,プライム,貸借銘柄
9507,四国電力（株）,プライム,貸借銘柄
9508,九州電力（株）,プライム,貸借銘柄
9509,北海道電力（株）,プライム,貸借銘柄
9511,沖縄電力（株）,プライム,貸借銘柄
9513,電源開発（株）,プライム,貸借銘柄
9517,イーレックス（株）,プライム,貸借銘柄
9519,（株）レノバ,プライム,貸借銘柄
9531,東京瓦斯（株）,プライム,貸借銘柄
9532,大阪瓦斯（株）,プライム,貸借銘柄
9533,東邦瓦斯（株）,プライム,貸借銘柄
9534,北海道瓦斯（株）,プライム,貸借銘柄
9535,広島ガス（株）,プライム,貸借銘柄
9536,西部ガスホールディングス（株）,プライム,貸借銘柄
9539,京葉瓦斯（株）,スタンダード,貸借銘柄
9543,静岡ガス（株）,プライム,貸借銘柄
9551,メタウォーター（株）,プライム,貸借銘柄
9552,（株）クオンツ総研ホールディングス,プライム,貸借銘柄
9553,（株）マイクロアド,グロース,貸借銘柄
9560,（株）プログリット,グロース,貸借銘柄
9601,松竹（株）,プライム,貸借銘柄
9602,東宝（株）,プライム,貸借銘柄
9603,（株）エイチ・アイ・エス,プライム,貸借銘柄
9605,東映（株）,プライム,貸借銘柄
9610,ウィルソン・ラーニング　ワールドワイド（株）,スタンダード,貸借銘柄
9616,（株）共立メンテナンス,プライム,貸借銘柄
9619,（株）イチネンホールディングス,プライム,貸借銘柄
9621,（株）建設技術研究所,プライム,貸借銘柄
9622,（株）スペース,プライム,貸借銘柄
9627,（株）アインホールディングス,プライム,貸借銘柄
9628,燦ホールディングス（株）,プライム,貸借銘柄
9633,東京テアトル（株）,スタンダード,貸借銘柄
9644,（株）タナベコンサルティンググループ,プライム,貸借銘柄
9651,日本プロセス（株）,スタンダード,貸借銘柄
9656,グリーンランドリゾート（株）,スタンダード,貸借銘柄
9663,（株）ナガワ,プライム,貸借銘柄
9672,東京都競馬（株）,プライム,貸借銘柄
9678,（株）カナモト,プライム,貸借銘柄
9682,（株）ＤＴＳ,プライム,貸借銘柄
9684,（株）スクウェア・エニックス・ホールディングス,プライム,貸借銘柄
9687,（株）ＫＳＫ,スタンダード,貸借銘柄
9692,（株）シーイーシー,プライム,貸借銘柄
9697,（株）カプコン,プライム,貸借銘柄
9699,ニシオホールディングス（株）,プライム,貸借銘柄
9702,（株）アイ・エス・ビー,プライム,貸借銘柄
9706,日本空港ビルデング（株）,プライム,貸借銘柄
9708,（株）帝国ホテル,スタンダード,貸借銘柄
9709,ＮＣＳ＆Ａ（株）,スタンダード,貸借銘柄
9713,（株）ロイヤルホテル,スタンダード,貸借銘柄
9715,トランス・コスモス（株）,プライム,貸借銘柄
9716,（株）乃村工藝社,プライム,貸借銘柄
9722,藤田観光（株）,プライム,貸借銘柄
9729,（株）トーカイ,プライム,貸借銘柄
9735,セコム（株）,プライム,貸借銘柄
9740,セントラル警備保障（株）,プライム,貸借銘柄
9742,（株）アイネス,プライム,貸借銘柄
9743,（株）丹青社,プライム,貸借銘柄
9744,（株）メイテックグループホールディングス,プライム,貸借銘柄
9746,（株）ＴＫＣ,プライム,貸借銘柄
9755,応用地質（株）,プライム,貸借銘柄
9757,（株）船井総研ホールディングス,プライム,貸借銘柄
9759,（株）ＮＳＤ,プライム,貸借銘柄
9760,（株）進学会ホールディングス,スタンダード,貸借銘柄
9763,丸建リース（株）,スタンダード,貸借銘柄
9765,（株）オオバ,プライム,貸借銘柄
9766,コナミグループ（株）,プライム,貸借銘柄
9788,（株）ナック,プライム,貸借銘柄
9790,福井コンピュータホールディングス（株）,プライム,貸借銘柄
9793,（株）ダイセキ,プライム,貸借銘柄
9795,（株）ステップ,プライム,貸借銘柄
9818,大丸エナウィン（株）,スタンダード,貸借銘柄
9824,泉州電業（株）,プライム,貸借銘柄
9828,（株）Ｇｅｎｋｉ　Ｇｌｏｂａｌ　Ｄｉｎｉｎｇ　Ｃｏｎｃｅｐｔｓ,スタンダード,貸借銘柄
9830,トラスコ中山（株）,プライム,貸借銘柄
9831,（株）ヤマダホールディングス,プライム,貸借銘柄
9832,（株）オートバックスセブン,プライム,貸借銘柄
9835,（株）ジュンテンドー,スタンダード,貸借銘柄
9837,モリト（株）,プライム,貸借銘柄
9842,アークランズ（株）,プライム,貸借銘柄
9843,（株）ニトリホールディングス,プライム,貸借銘柄
9850,（株）グルメ杵屋,プライム,貸借銘柄
9854,愛眼（株）,スタンダード,貸借銘柄
9856,（株）ケーユーホールディングス,スタンダード,貸借銘柄
9857,英和（株）,スタンダード,貸借銘柄
9861,（株）吉野家ホールディングス,プライム,貸借銘柄
9869,加藤産業（株）,プライム,貸借銘柄
9872,北恵（株）,スタンダード,貸借銘柄
9882,（株）イエローハット,プライム,貸借銘柄
9885,（株）シャルレ,スタンダード,貸借銘柄
9887,（株）松屋フーズホールディングス,プライム,貸借銘柄
9889,ＪＢＣＣホールディングス（株）,プライム,貸借銘柄
9896,ＪＫホールディングス（株）,スタンダード,貸借銘柄
9900,（株）サガミホールディングス,プライム,貸借銘柄
9902,（株）日伝,プライム,貸借銘柄
9903,（株）カンセキ,スタンダード,貸借銘柄
9928,（株）ミロク情報サービス,プライム,貸借銘柄
9930,北沢産業（株）,スタンダード,貸借銘柄
9932,杉本商事（株）,プライム,貸借銘柄
9934,因幡電機産業（株）,プライム,貸借銘柄
9936,（株）王将フードサービス,プライム,貸借銘柄
9946,ミニストップ（株）,プライム,貸借銘柄
9948,（株）アークス,プライム,貸借銘柄
9956,（株）バローホールディングス,プライム,貸借銘柄
9959,アシードホールディングス（株）,スタンダード,貸借銘柄
9960,東テク（株）,プライム,貸借銘柄
9962,（株）ミスミグループ本社,プライム,貸借銘柄
9969,（株）ショクブン,スタンダード,貸借銘柄
9972,アルテック（株）,スタンダード,貸借銘柄
9974,（株）ベルク,プライム,貸借銘柄
9979,（株）大庄,スタンダード,貸借銘柄
9980,ＭＲＫホールディングス（株）,スタンダード,貸借銘柄
9982,タキヒヨー（株）,スタンダード,貸借銘柄
9983,（株）ファーストリテイリング,プライム,貸借銘柄
9984,ソフトバンクグループ（株）,プライム,貸借銘柄
9987,（株）スズケン,プライム,貸借銘柄
9989,（株）サンドラッグ,プライム,貸借銘柄
9990,（株）サックスバー　ホールディングス,プライム,貸借銘柄
9991,ジェコス（株）,プライム,貸借銘柄
9994,（株）やまや,スタンダード,貸借銘柄
9996,（株）サトー商会,スタンダード,貸借銘柄
9997,（株）ベルーナ,プライム,貸借銘柄
