sec_code,name,market,sector33,period_end,scope,price,dividend_ttm,dividend_yield_pct,roe_pct,equity_ratio_pct,current_ratio_pct,revenue_change_pct,operating_margin_pct,dps_yuho,dps_diff_pct,result
2148,アイティメディア,プライム（内国株式）,サービス業,2026-03-31,連結,1254.0,100.0,7.974481658692185,13.21,82.19999999999999,469.92724571068345,2.713865239979829,21.240546911788662,100.0,0.0,全条件充足
6307,サンセイ,スタンダード（内国株式）,機械,2026-03-31,連結,473.0,30.0,6.342494714587738,15.4,71.7,294.3996189484659,56.85420147248497,14.835368718240845,30.0,0.0,全条件充足
1384,ホクリヨウ,スタンダード（内国株式）,水産・農林業,2026-03-31,個別,2155.0,130.0,6.0324825986078885,24.4,74.9,218.4187850064627,50.445992577641775,21.486995282814732,130.0,0.0,全条件充足
7595,アルゴグラフィックス,プライム（内国株式）,情報・通信業,2026-03-31,連結,1335.0,80.0,5.992509363295881,36.2,60.3,233.8642292929287,54.85746006806704,15.02288293607339,80.0,0.0,全条件充足
9744,メイテックグループホールディングス,プライム（内国株式）,サービス業,2026-03-31,連結,3356.0,196.0,5.8402860548271756,30.86,54.3,296.7731421121252,28.510360276274028,14.45535493804744,196.0,0.0,全条件充足
8613,丸三証券,プライム（内国株式）,証券、商品先物取引業,2026-03-31,個別,1219.0,70.0,5.742411812961444,10.13,57.98,207.7046189302519,16.36314943760042,24.74108170310702,70.0,0.0,全条件充足
5729,日本精鉱,スタンダード（内国株式）,非鉄金属,2026-03-31,連結,1746.0,100.0,5.72737686139748,30.8,62.5,249.06931467667675,139.01701745154247,14.87957394309796,400.0,-75.0,全条件充足
6539,ＭＳ－Ｊａｐａｎ,プライム（内国株式）,サービス業,2026-03-31,連結,1004.0,56.0,5.577689243027888,10.8,88.1,532.1293313879248,103.44787680533267,21.886726725108858,56.0,0.0,全条件充足
8624,いちよし証券,プライム（内国株式）,証券、商品先物取引業,2026-03-31,連結,1653.0,89.0,5.384150030248034,15.0,56.2,203.83256205300802,25.460670716145174,25.06204483502177,89.0,0.0,全条件充足
5015,ビーピー・カストロール,スタンダード（内国株式）,石油・石炭製品,2025-12-31,個別,1004.0,54.0,5.378486055776892,10.5,77.60000000000001,425.2356533102473,32.44415532777851,10.630904512196592,46.0,17.391304347826097,全条件充足
6535,アイモバイル,プライム（内国株式）,サービス業,2025-07-31,連結,507.0,27.0,5.325443786982249,18.7,59.3,218.42925219941347,85.71428571428572,19.198253437383872,26.0,3.8461538461538547,全条件充足
2124,ジェイエイシーリクルートメント,プライム（内国株式）,サービス業,2025-12-31,連結,1045.0,55.0,5.263157894736842,41.5,72.3,320.49288192367504,85.45388701110575,25.348781704962136,36.0,52.77777777777777,全条件充足
2379,ディップ,プライム（内国株式）,サービス業,2026-02-28,連結,1860.0,95.0,5.10752688172043,16.400000000000002,73.7,276.658050113752,38.81401351223792,16.61313669540056,95.0,0.0,全条件充足
3640,電算,スタンダード（内国株式）,情報・通信業,2026-03-31,連結,2763.0,140.0,5.066956207021354,30.9,63.3,215.5632142951172,61.715433459241844,22.497601944084973,140.0,0.0,全条件充足
9416,ビジョン,プライム（内国株式）,情報・通信業,2025-12-31,連結,1036.0,52.0,5.019305019305019,23.6,69.19999999999999,344.125656959238,115.52791730017789,16.572090222592806,50.0,4.0000000000000036,全条件充足
5445,東京鐵鋼,プライム（内国株式）,鉄鋼,2026-03-31,連結,2025.0,99.999996,4.938271407407408,13.1,78.8,336.0098657166347,9.761079756086488,16.60049627791563,300.0,-66.666668,全条件充足
5195,バンドー化学,プライム（内国株式）,ゴム製品,2026-03-31,連結,2477.0,120.0,4.844570044408559,12.1,70.19999999999999,203.4719947592532,27.215608465608465,10.123514762236178,120.0,0.0,全条件充足
3393,スターティアホールディングス,プライム（内国株式）,卸売業,2026-03-31,連結,3030.0,145.0,4.785478547854786,29.0,54.0,220.54497428477634,48.58522958185798,13.630566903089086,145.0,0.0,全条件充足
4928,ノエビアホールディングス,プライム（内国株式）,化学,2025-09-30,連結,4825.0,230.0,4.766839378238342,15.0,70.3,496.4354625774347,26.236542362303016,17.11111797787529,230.0,0.0,全条件充足
4767,テー・オー・ダブリュー,スタンダード（内国株式）,サービス業,2025-06-30,連結,387.0,18.3,4.728682170542635,11.8,69.5,315.84855865259465,45.64801445566078,12.10671739717835,15.0,21.999999999999996,全条件充足
6088,シグマクシス・ホールディングス,プライム（内国株式）,サービス業,2026-03-31,連結,556.0,26.0,4.676258992805756,27.800000000000004,83.6,353.52561199017595,52.232254846616975,25.449677846150426,26.0,0.0,全条件充足
4743,アイティフォー,プライム（内国株式）,情報・通信業,2026-03-31,連結,1714.0,80.0,4.667444574095683,13.89,73.6,330.38203701634995,35.71548922430505,16.703552512570667,80.0,0.0,全条件充足
8898,センチュリー２１・ジャパン,スタンダード（内国株式）,不動産業,2026-03-31,個別,1137.0,53.0,4.661389621811785,12.6,84.7,599.5973581273154,15.386714485153895,24.75719214922445,53.0,0.0,全条件充足
6417,ＳＡＮＫＹＯ,プライム（内国株式）,機械,2026-03-31,連結,1931.0,90.0,4.660797514241326,17.599999999999998,86.5,826.6743358377971,111.19176968311395,34.86616334934797,90.0,0.0,全条件充足
4481,ベース,プライム（内国株式）,情報・通信業,2025-12-31,連結,3285.0,153.0,4.657534246575342,30.7,75.3,375.5446153329598,63.889872627793444,26.39063486161592,117.0,30.76923076923077,全条件充足
6436,アマノ,プライム（内国株式）,機械,2026-03-31,連結,3876.0,180.0,4.643962848297214,14.7,71.8,287.431070988157,49.006577780780034,12.779159842916807,180.0,0.0,全条件充足
7775,大研医器,スタンダード（内国株式）,精密機器,2026-03-31,個別,434.0,20.0,4.6082949308755765,12.1,68.2,258.20481753315795,20.497074917542335,12.414944965418274,20.0,0.0,全条件充足
4641,アルプス技研,プライム（内国株式）,サービス業,2025-12-31,連結,837.0,38.333332,4.5798485065710866,20.4,69.5,269.03318328561875,34.099948810004534,10.251684737152438,108.0,-64.50617407407407,全条件充足
1717,明豊ファシリティワークス,スタンダード（内国株式）,サービス業,2026-03-31,個別,964.0,44.0,4.564315352697095,16.1,71.0,453.0676199153852,43.52791476039211,20.75920231979395,44.0,0.0,全条件充足
9739,ＮＳＷ,プライム（内国株式）,情報・通信業,2026-03-31,連結,2740.0,125.0,4.562043795620438,10.1,76.9,454.89560835133193,20.664181165423923,10.089450897369877,125.0,0.0,全条件充足
4318,クイック,プライム（内国株式）,サービス業,2026-03-31,連結,832.0,37.666668,4.52724375,22.4,74.7,284.7908478247285,43.8044089633387,13.51134496201151,71.0,-46.94835492957746,全条件充足
4792,山田コンサルティンググループ,プライム（内国株式）,サービス業,2026-03-31,連結,1707.0,77.0,4.510837727006444,15.2,59.7,344.9020426890138,82.3908747872455,14.004104915884788,77.0,0.0,全条件充足
6196,ストライクグループ,プライム（内国株式）,サービス業,2025-09-30,個別,1342.0,60.0,4.470938897168406,23.6,86.7,696.5550458896882,124.85088272732305,31.171956812572986,180.0,-66.66666666666667,全条件充足
7722,国際計測器,スタンダード（内国株式）,精密機器,2026-03-31,連結,783.0,35.0,4.469987228607918,12.6,60.0,260.7180767134292,34.331249937095535,13.952420198603727,35.0,0.0,全条件充足
6929,日本セラミック,プライム（内国株式）,電気機器,2025-12-31,連結,3755.0,165.0,4.394141145139813,14.4,84.39999999999999,857.7998017839444,27.938009176889224,22.792314730100642,165.0,0.0,全条件充足
7849,スターツ出版,スタンダード（内国株式）,情報・通信業,2025-12-31,個別,2974.0,130.0,4.371217215870881,13.4,83.5,554.636227474542,45.605697229968854,21.573975482131655,120.0,8.333333333333325,全条件充足
3912,モバイルファクトリー,スタンダード（内国株式）,情報・通信業,2025-12-31,連結,1125.0,49.0,4.355555555555555,15.1,77.5,423.5678909243562,18.285511945050903,32.721197522046225,44.0,11.363636363636353,全条件充足
2127,日本Ｍ＆Ａセンターホールディングス,プライム（内国株式）,サービス業,2026-03-31,連結,672.2000122070312,29.0,4.314192126356028,25.7,75.8,333.1911977461357,24.395435756540685,37.33012316692202,29.0,0.0,全条件充足
5208,有沢製作所,プライム（内国株式）,化学,2026-03-31,連結,2859.0,122.0,4.267226302903112,10.1,62.5,202.66878320150775,31.063612522917673,10.279578212982965,122.0,0.0,全条件充足
2301,学情,プライム（内国株式）,サービス業,2025-10-31,個別,1669.0,71.0,4.254044337926902,12.9,86.9,440.88946604366504,77.09813480199689,21.171826171773084,67.0,5.970149253731338,全条件充足
3076,あい　ホールディングス,プライム（内国株式）,卸売業,2025-06-30,連結,2960.0,125.0,4.222972972972973,22.5,77.7,502.65620283730755,43.22464787208724,13.428100971343113,100.0,25.0,全条件充足
6819,伊豆シャボテンリゾート,スタンダード（内国株式）,サービス業,2026-03-31,連結,475.0,20.0,4.2105263157894735,13.91,81.2,418.27075060590823,132.278825676214,20.87184584290222,20.0,0.0,全条件充足
4825,ウェザーニューズ,プライム（内国株式）,情報・通信業,2025-05-31,連結,2029.0,85.0,4.189255791030064,15.1,83.5,626.6344991468427,24.743833490375657,19.217949712800646,105.0,-19.047619047619047,全条件充足
4752,昭和システムエンジニアリング,スタンダード（内国株式）,情報・通信業,2026-03-31,個別,1588.0,66.0,4.156171284634761,13.7,63.0,522.8916348087365,35.138830264838305,11.739371807516305,66.0,0.0,全条件充足
9709,ＮＣＳ＆Ａ,スタンダード（内国株式）,情報・通信業,2026-03-31,連結,1398.0,58.0,4.148783977110158,14.7,64.8,311.7841642110858,9.911175545609051,12.071475969193441,58.0,0.0,全条件充足
6333,ＴＥＩＫＯＫＵ,プライム（内国株式）,機械,2026-03-31,連結,3210.0,133.0,4.1433021806853585,13.5,78.0,433.6082520486616,30.7795047017696,17.129006828618497,133.0,0.0,全条件充足
9687,ＫＳＫ,スタンダード（内国株式）,情報・通信業,2026-03-31,連結,4415.0,181.0,4.099660249150623,12.5,70.39999999999999,282.9717063009894,38.361166299736894,10.63375635502775,181.0,0.0,全条件充足
3817,ＳＲＡホールディングス,プライム（内国株式）,情報・通信業,2026-03-31,連結,4890.0,200.0,4.08997955010225,17.4,64.7,256.2727078435563,32.52493595005348,15.473263387075583,200.0,0.0,全条件充足
4172,Ｈｉクラテス,スタンダード（内国株式）,情報・通信業,2025-09-30,個別,2277.0,93.0,4.084321475625823,11.0,88.9,523.7618602336873,1.5740767702139058,22.834192583704723,93.0,0.0,全条件充足
6458,新晃工業,プライム（内国株式）,機械,2026-03-31,連結,1232.0,50.0,4.058441558441558,11.0,67.9,348.61121565675575,41.40453722238109,15.915333928782083,50.0,0.0,全条件充足
6430,ダイコク電機,プライム（内国株式）,機械,2026-03-31,連結,2474.0,100.0,4.042037186742118,12.1,83.8,463.4541705641313,121.96451086839745,17.803129912797424,100.0,0.0,全条件充足
6947,図研,プライム（内国株式）,電気機器,2026-03-31,連結,5000.0,200.0,4.0,13.3,61.0,228.2933068050106,36.81988445178084,13.607872207141366,200.0,0.0,全条件充足
9757,船井総研ホールディングス,プライム（内国株式）,サービス業,2025-12-31,連結,1145.0,45.5,3.9737991266375547,26.5,72.39999999999999,243.23177885535708,46.081697054698466,26.44253525352535,85.0,-46.470588235294116,全条件充足
3635,コーエーテクモホールディングス,プライム（内国株式）,情報・通信業,2026-03-31,連結,1666.0,66.0,3.961584633853541,18.6,86.7,460.00856700385515,21.48737613216234,42.04857850734787,66.0,0.0,全条件充足
9795,ステップ,プライム（内国株式）,サービス業,2025-09-30,個別,2283.0,89.0,3.898379325448971,10.0,89.7,362.3961322570287,21.561630586835378,23.85403037543149,85.0,4.705882352941182,全条件充足
1926,ライト工業,プライム（内国株式）,建設業,2026-03-31,連結,3750.0,145.0,3.8666666666666667,14.000000000000002,71.5,237.7807486631016,27.1332554061952,12.35562004367314,145.0,0.0,全条件充足
4028,石原産業,プライム（内国株式）,化学,2026-03-31,連結,3110.0,120.0,3.858520900321544,13.7,53.7,311.0436170008266,39.60344283718624,12.31592606699936,120.0,0.0,全条件充足
3916,デジタル・インフォメーション・テクノロジー,プライム（内国株式）,情報・通信業,2025-06-30,連結,975.0,37.5,3.8461538461538463,29.0,71.6,339.38710809881354,67.25624077276025,12.475630752635608,72.0,-47.916666666666664,全条件充足
9765,オオバ,プライム（内国株式）,サービス業,2025-05-31,連結,1147.0,44.0,3.836094158674804,10.7,71.0,292.8280929417139,14.087935900356907,10.70221681423509,42.0,4.761904761904767,全条件充足
6648,かわでん,スタンダード（内国株式）,電気機器,2026-03-31,個別,1722.0,65.0,3.7746806039488967,15.4,73.3,327.9048327613327,44.71211624603954,15.541840625117963,181.0,-64.08839779005524,全条件充足
1450,ＴＡＮＡＫＥＮ,スタンダード（内国株式）,建設業,2026-03-31,個別,1458.0,55.0,3.772290809327846,17.1,76.6,394.2717352433608,50.85334577583866,14.74920612900392,55.0,0.0,全条件充足
9651,日本プロセス,スタンダード（内国株式）,情報・通信業,2025-05-31,連結,2025.0,76.0,3.753086419753086,13.7,76.6,355.2993754279296,37.023306844892545,10.928928825513703,62.0,22.580645161290324,全条件充足
1835,東鉄工業,プライム（内国株式）,建設業,2026-03-31,連結,4025.0,150.0,3.7267080745341614,10.2,65.10000000000001,238.06714152282132,42.1034258394547,10.797258514812746,150.0,0.0,全条件充足
4709,ＩＤホールディングス,プライム（内国株式）,情報・通信業,2026-03-31,連結,1080.0,40.0,3.7037037037037033,20.200000000000003,63.3,203.8970640219965,41.59236572001193,10.486679049183817,80.0,-50.0,全条件充足
4765,ＳＢＩグローバルアセットマネジメント,プライム（内国株式）,サービス業,2026-03-31,連結,618.0,22.75,3.6812297734627832,12.9,61.4,360.53697219345776,242.96029956350176,18.501961582713577,22.75,0.0,全条件充足
9340,アソインターナショナル,スタンダード（内国株式）,サービス業,2025-06-30,連結,707.0,26.0,3.6775106082036775,15.4,88.0,676.7237782230854,23.95519992895303,17.3452384778006,31.0,-16.129032258064512,全条件充足
7458,第一興商,プライム（内国株式）,卸売業,2026-03-31,連結,1825.0,67.0,3.6712328767123292,13.2,56.10000000000001,282.2894958136814,71.91176005148385,10.995397361153728,67.0,0.0,全条件充足
3771,システムリサーチ,プライム（内国株式）,情報・通信業,2026-03-31,連結,1929.0,70.0,3.6288232244686367,20.6,69.1,264.37236482913374,58.015461276557744,11.932233561304662,70.0,0.0,全条件充足
3921,ネオジャパン,プライム（内国株式）,情報・通信業,2026-01-31,連結,1604.0,58.0,3.6159600997506236,26.3,69.89999999999999,278.9233562517034,39.02199492845719,30.34869013381157,52.0,11.538461538461542,全条件充足
1414,ショーボンドホールディングス,プライム（内国株式）,建設業,2025-06-30,連結,1267.5,45.75,3.609467455621302,14.499999999999998,81.39999999999999,488.07576200214237,13.29794541934679,22.923097274891965,175.5,-73.93162393162393,全条件充足
7956,ピジョン,プライム（内国株式）,その他製品,2025-12-31,連結,2113.5,76.0,3.595930920274426,10.4,75.3,422.3589121200419,17.28620541469703,12.052761747732893,76.0,0.0,全条件充足
3496,アズーム,プライム（内国株式）,不動産業,2025-09-30,連結,4720.0,169.0,3.5805084745762707,34.7,76.7,449.0920043337473,170.98754859401518,19.387764564321294,212.0,-20.28301886792453,全条件充足
8739,スパークス・グループ,プライム（内国株式）,証券、商品先物取引業,2026-03-31,連結,2524.0,90.0,3.565768621236133,17.599999999999998,68.10000000000001,220.38581477989703,39.41465498825036,46.09766063949331,90.0,0.0,全条件充足
5929,三和ホールディングス,プライム（内国株式）,金属製品,2026-03-31,連結,3651.0,130.0,3.5606683100520407,17.8,63.6,234.06906797365684,40.88997688482501,11.971176548935087,130.0,0.0,全条件充足
6176,ブランジスタ,スタンダード（内国株式）,サービス業,2025-09-30,連結,985.0,35.0,3.5532994923857872,13.8,67.9,321.88909761548905,57.91323304144418,22.162312465302534,10.0,250.0,全条件充足
5105,ＴＯＹＯ　ＴＩＲＥ,プライム（内国株式）,ゴム製品,2025-12-31,連結,3800.0,135.0,3.552631578947368,12.78,69.39,280.12716422409954,51.131089529451515,16.36346216233025,130.0,3.8461538461538547,全条件充足
3835,ｅＢＡＳＥ,プライム（内国株式）,情報・通信業,2026-03-31,連結,429.0,15.2,3.5431235431235426,13.95,90.98,868.3211729084762,20.847959027759423,27.221881361626433,15.2,0.0,全条件充足
6223,西部技研,スタンダード（内国株式）,機械,2025-12-31,連結,1976.0,70.0,3.54251012145749,11.1,66.60000000000001,221.86810984165163,97.21887030971672,13.198531554105239,70.0,0.0,全条件充足
7575,日本ライフライン,プライム（内国株式）,卸売業,2026-03-31,連結,1530.0,54.0,3.5294117647058822,14.9,82.1,360.7119217474443,14.995434144825047,21.298595975467585,54.0,0.0,全条件充足
6184,鎌倉新書,プライム（内国株式）,サービス業,2026-01-31,連結,567.0,20.0,3.527336860670194,15.7,75.1,419.8901035214686,117.85719232887253,13.939731887120645,20.0,0.0,全条件充足
4685,菱友システムズ,スタンダード（内国株式）,情報・通信業,2026-03-31,連結,2770.0,97.5,3.5198555956678703,18.9,68.89999999999999,281.9924812030075,42.85855915399868,12.69518147539846,140.0,-30.35714285714286,全条件充足
4317,レイ,スタンダード（内国株式）,サービス業,2026-02-28,連結,570.0,20.0,3.508771929824561,17.9,71.3,212.13411744287725,21.41815565406837,13.092975761669898,20.0,0.0,全条件充足
6331,三菱化工機,プライム（内国株式）,機械,2026-03-31,連結,3285.0,115.0,3.50076103500761,18.2,57.49999999999999,207.4859843904584,85.39548395616004,10.898622981956315,115.0,0.0,全条件充足
