sec_code,beta,beta_obs
1301,0.27844153694589385,60
1332,0.7708640460378782,60
1333,0.3387630048002814,60
1375,0.3805981714250399,60
1377,0.42976794747053637,60
1379,0.11660118735862283,60
1414,0.25324758517561385,60
1417,0.674162076238804,60
1419,0.3385798704949397,60
1429,0.7805696230642817,60
1433,1.1985744731348758,60
1515,1.6899105053071901,60
1518,1.1006314359119784,60
1605,0.6620931976162779,60
1662,0.8823885828475412,60
1663,1.1768775322320189,60
166A,1.0980742562222332,28
167A,1.2027137502067948,60
1719,0.2686160395910108,60
1720,0.6213115113274439,60
1721,0.7897136390002807,60
1762,0.6994873905258863,60
1766,0.5694369995853285,60
1780,0.5922843640015232,60
1786,0.4216987023477587,60
1801,0.8902757679174934,60
1802,0.9695531393797041,60
1803,0.7841612434856481,60
1808,0.48515234280869335,60
1812,0.8355882363655042,60
1813,0.9921375719431403,60
1814,0.9936865582508281,60
1815,0.5987025008032504,60
1820,0.5166878492909039,60
1833,0.3860857415979972,60
1835,0.2733916107740189,60
1852,0.4256690228869823,60
1860,0.6084702489577442,60
1861,0.7374911802460763,60
1870,1.1327729468995258,60
1871,0.6519525768306671,60
1873,0.5886408342909143,60
1878,0.5248627261056672,60
1879,1.0913060011409748,60
1882,0.29456496430120516,60
1885,1.0143649947859408,60
1887,0.5992096011663165,60
1888,0.6023546319648526,60
1893,1.136853496851618,60
1898,0.586625467272765,60
1899,0.568812330272305,60
1911,0.6780612355796481,60
1925,0.44521168706987624,60
1926,0.699967539839246,60
1928,0.6871048302744724,60
1929,0.5390378094371393,60
1930,1.0739947533795007,60
1934,0.9221623318139759,60
1938,1.3443461177914993,60
1939,1.0901640441823868,60
1941,0.590386874986509,60
1942,0.9688389448337268,60
1944,0.7952323855233773,60
1945,1.0991040080868086,60
1946,1.0767767843862799,60
1950,1.1505707426572758,60
1951,0.6268750787797062,60
1952,1.5197491083817942,60
1959,1.297408154305803,60
1961,0.6586130363978087,60
1963,0.9410294297189362,60
1964,0.9825011488007558,60
1968,0.9086496967617571,60
1969,1.051897002411059,60
1975,1.6452315545175362,60
1976,1.0001920416337078,60
1979,1.2032224695840261,60
1980,1.6301543757926136,60
1982,1.0398853336868348,60
2001,0.23783505783096032,60
2002,0.3096798642243425,60
2004,0.31885721337424117,60
2053,0.4396704434371244,60
2060,0.6891816963874834,60
2108,0.5220837054163064,60
2109,0.24966403440290652,60
2117,0.1947579159148686,60
2120,1.7063328626563852,60
2121,0.423898323505096,60
2124,0.43420888897875975,60
2127,1.274554125980245,60
212A,-0.26992028334506296,25
2130,0.7366894716847374,60
2146,1.8506988181828623,60
2148,1.4329962847744646,60
2153,0.6524156435657684,60
2154,0.6081371015488433,60
2157,0.3654853739441986,60
2163,0.6251268083977314,60
2168,1.222339345042678,60
2170,0.8825635565855903,60
2175,1.3442183663193943,60
2181,0.4066655965556465,60
2198,0.1441229177524763,60
2201,0.2330461419382741,60
2206,0.25176456630491734,60
2207,0.09719605793979351,60
2209,0.20168795061924769,60
2211,0.14715521877662718,60
2212,0.14874211909448468,60
2217,0.2654560667283291,60
2220,-0.06470771299483324,60
2222,0.6367315677558806,60
2229,-0.07258130529078716,60
2264,0.33293078958067285,60
2266,0.28634270278579654,60
2267,-0.17290875145866264,60
2269,0.23886314636915054,60
2270,0.3812336426810988,60
2281,0.15999637102856668,60
2282,0.02789503427821274,60
2288,0.209503539418545,60
2292,0.27574202449874585,60
2294,0.449103161337478,60
2296,0.3911053469935226,60
2301,0.9597334899275155,60
2307,1.0812393027354295,60
2317,0.4648231837769696,60
2325,0.5303743056813205,60
2326,0.45017274281969655,60
2327,0.34424125878471845,60
2331,0.07055685745461494,60
2335,0.7550819251233503,60
2337,0.7816647203702124,60
2353,-0.27782520155453044,60
2359,0.6395405166011141,60
2371,0.45611519898429814,60
2378,0.34251550262548214,60
2379,0.226048931449725,60
2384,0.591971922950793,60
2395,-0.07985195159913851,60
2410,0.4998425478816139,60
2413,0.7251518890860675,60
2429,1.0713820786388701,60
2432,0.2110549483066755,60
2433,1.1241415856436012,60
2461,0.3360763021583997,60
2462,0.3148355570007266,60
2471,0.11334638188617209,60
2475,0.6778201007117545,60
2491,0.1497448099050687,60
2492,0.5178453229883654,60
2501,-0.26340719229723275,60
2502,0.30278543520403506,60
2503,0.36220310712527787,60
2531,0.8367184566663659,60
2533,0.42370701408641553,60
256A,0.6638529905722281,60
2579,0.3707628317826197,60
2585,-0.4828807607557282,56
2587,0.16619047035866374,60
2590,-0.14809120925211286,60
2593,0.026189221975081764,60
2594,0.07889028016839099,60
2602,0.32605333552105314,60
2607,0.2817052507106822,60
2613,0.25052384208625267,60
262A,,22
2659,0.08391857605940321,60
2664,0.19324980398032113,60
2670,0.027740453697432464,60
2674,0.526986434271305,60
2676,0.6529718688922244,60
2678,0.47755317394282387,60
2681,0.14736455340136786,60
2685,0.13551439034984783,60
268A,,22
2695,0.40911775307257425,60
2726,0.3265482399710338,60
2730,0.045055093696714905,60
2733,0.2302781784195656,60
2734,0.7342223658840367,60
2737,1.220116259271398,60
2742,0.6777960658644155,60
2749,0.46145648367918307,60
2752,0.22165694917239276,60
2753,0.35946238912179107,60
2760,1.6771466939732775,60
2767,0.11459625574166699,60
2768,1.3245850517505302,60
277A,,21
2784,-0.018079849129603667,60
2791,0.7060175667221004,60
2792,0.23157825210713684,60
2801,0.8448643452884608,60
2802,1.3415131980135464,60
2804,0.24385806647792904,60
2809,0.39967925728089765,60
2810,0.2352228267598284,60
2811,0.2496954256170143,60
2815,0.2366935942055268,60
285A,,20
2871,0.33592206001750846,60
2874,0.8906189288954814,60
2875,0.8176767659907609,60
2882,0.10553987856057077,60
2884,1.0472730913203687,60
2897,0.11453014429351441,60
2908,0.06459285029979103,60
2910,0.32191842405615056,60
2914,0.431480043018777,60
2915,0.4031723258298255,60
2918,0.42362613554690187,60
2922,0.2308716473121103,60
2929,1.1859293787884546,60
2930,0.8912758747695348,60
2931,-0.043346520205439075,60
2933,0.3727067271509232,60
2935,0.43881822166898193,47
2975,0.3635031307050263,60
2980,1.1719603107861434,60
2982,0.783376055071552,60
3002,0.7246871355773457,60
3003,0.6546779712641122,60
3028,0.29323931113035767,60
3031,0.3006474474908744,60
3034,0.14916487795705027,60
3036,1.2511074086607523,60
3038,-0.23956377437883622,60
3040,1.6191262677712586,60
3046,0.05814893584078971,60
3048,0.018224461047002816,60
3050,0.02911620793241845,60
3064,0.8751216011794203,60
3076,0.8809708068896839,60
3086,0.8935012682666031,60
3087,0.12428046537077253,60
3088,-0.12156553120440268,60
3091,0.3650429325350659,60
3092,0.5506544797185192,60
3093,0.9197949872218625,60
3097,0.7114159221512757,60
3099,1.3775671313628193,60
3101,1.524026290305223,60
3104,1.2435449928214104,60
3105,1.2619183868060941,60
3106,0.7709834138712389,60
3107,0.538652085956871,60
3109,0.40680420167115666,60
3110,3.043901917006263,60
3116,1.3229039817558288,60
3132,1.4048976605428025,60
3139,0.5737570159572807,60
3148,0.34941189318380034,60
3150,0.796770813935992,60
3151,0.4771169159381736,60
3153,1.158281604385088,60
3154,0.6745016989838354,60
3156,1.3303447915277342,60
3167,0.21262482427980414,60
3176,1.116119959052276,60
3179,1.293880399963182,60
3180,0.09267182423438547,60
3182,1.1762077511503455,60
3183,0.392333133350184,60
3186,0.8852576158403375,60
3191,0.059226489109918345,60
3193,0.6975071119828788,60
3196,0.1689543065377704,60
3197,0.32273158001011165,60
3199,0.23417161948762125,60
3201,0.5128493167525632,60
3221,0.7667560907164156,60
3231,0.6770056467225808,60
3232,0.566215659190981,60
3245,0.5843697756791176,60
3252,0.626446318051181,60
3276,0.3462513859710396,60
3284,0.4708380324475877,60
3288,0.9186248678981828,60
3289,1.1087794483915314,60
3291,0.8922035448445642,60
3302,0.6252616481366328,60
3315,1.5542615521811136,60
3333,0.0052934541032144036,60
3349,-0.14350035924713433,60
3360,-0.009045299874030958,60
3371,0.6719847514703124,60
3382,0.13183402003910155,60
3387,0.05419015379802986,60
3388,1.0520757827454734,60
3391,0.061086930982619955,60
3393,1.8210901136453104,60
3395,0.408695807294456,60
3397,0.5396306429049605,60
3401,0.7229269786419136,60
3402,0.8459970122302042,60
3405,0.6359496841356357,60
3407,1.126142662999542,60
3415,0.6155657812934084,60
3431,0.3323130524800763,60
3433,1.3236983333333963,60
3436,1.8929167485904752,60
3443,1.097971803980886,60
3445,1.3112663466139967,60
3457,0.7813344395494614,60
3465,1.0353969036894362,60
3475,0.37356101385905516,60
3480,0.25682306497335106,60
3482,0.7957006643623096,60
3486,1.13467711731557,60
3496,0.5506545311453103,60
3498,0.9523931977214565,60
3501,0.3280598852911779,60
3539,0.2442750201652691,60
3543,0.012777797340926805,60
3548,0.2552073470973991,60
3561,0.43946755055213543,60
3563,0.48078737042484304,60
3569,1.1080090871801331,60
3580,0.553766293440491,60
3591,0.46100336520880786,60
3608,0.6666758440606493,60
3612,0.7218761186729822,60
3626,-0.3713332840581806,60
3632,-0.2315015362649863,60
3635,0.3474350497610144,60
3636,0.7008340917456076,60
3649,1.075108097599535,60
3656,0.4385909481348677,60
3657,0.8665027409175938,60
3659,0.357047963423151,60
3660,1.1667286335481868,60
3661,-0.24897502530672216,60
3662,0.850683071067498,60
3663,0.7403601150509146,60
3665,0.9837414182851301,60
3668,0.5265446073897353,60
3673,0.1382451058064579,60
3676,0.3691980061979018,60
3678,1.0534292247896606,60
3679,0.8844715468055437,60
3681,,2
3687,2.8988765725208316,60
368A,,14
3694,1.4172327233981876,60
3696,1.2378482125855865,60
3697,0.5405515207793549,60
3708,0.4107304173098274,60
3741,1.292217914043675,60
3762,0.29287130147476337,60
3763,0.3315470683474901,60
3765,-0.12712909026648134,60
3769,1.0827794894450185,60
3771,0.731044674377117,60
3774,0.07084260384892258,60
3778,2.946829125050872,60
3788,0.7359084047002385,60
3817,0.43246902618910443,60
3834,0.4255265295219075,60
3835,0.84930882263366,60
3836,0.1277242396829696,60
3837,0.9070766227928373,60
3843,0.8201997908288778,60
3844,0.6696258403664814,60
3853,1.9417533948077514,60
3854,0.6480468583073905,60
3861,0.30876192455773477,60
3863,0.09411966169136889,60
3864,1.1586333746570672,60
3865,0.2784282821094291,60
3877,0.9204845975557046,60
3880,0.5860376598121778,60
3901,0.7969325009880737,60
3903,-0.8560223619170382,60
3915,0.7481535504377331,60
3916,0.5144975398328766,60
3921,1.1134528270397737,60
3922,0.9596287755975835,60
3923,1.3969044867992992,60
3925,0.9717950950994804,60
3932,0.8846568445668527,60
3939,1.0335958115868102,60
3941,0.8706241898349967,60
3946,0.8885349401310271,60
3950,0.5272363741042815,60
3962,0.13306939649347935,60
3963,0.32280467670208735,60
3964,1.1779911385420925,60
3968,1.7008700405543917,60
3983,0.7342749223089685,60
3984,1.2081484119141161,60
3992,1.2380262390175383,60
3993,1.8853491317980227,60
3994,1.2151313070016811,60
4004,2.2450062824851336,60
4005,0.8964616037549463,60
4008,1.1620007549830436,60
4021,1.3195754116051177,60
4022,1.7778266297638976,60
4023,0.7816567057382258,60
4025,0.9046537282109909,60
4027,1.0955165753287945,60
4028,1.71814093040759,60
4041,0.7097703810121747,60
4042,0.9981482857886357,60
4043,0.9441389187070606,60
4044,0.8149374128960339,60
4045,0.7656601806906674,60
4046,1.163527263092026,60
4047,2.2120022180545833,60
4051,1.9242484823541635,60
4053,0.6247286608567272,60
4061,0.7786174561824376,60
4062,3.2666438485097347,60
4063,1.2811109381257575,60
4064,1.0957238696956961,60
4071,1.0890873833904062,60
4072,0.783533889822575,60
4078,1.2291147785540457,60
4082,2.3105283354914588,60
4088,0.5543032498126954,60
4091,1.3672875697921723,60
4092,1.5630528946752356,60
4095,0.7475154331895023,60
4097,0.5891413158747779,60
4099,1.3428985392115487,60
409A,,11
4109,1.4215131487855055,60
4112,1.1544319726679086,60
4114,0.5559059171045462,60
4116,1.1272845392603312,60
4118,1.029118827310821,60
4151,0.8171590986031596,60
417A,0.12690488591866977,60
4180,0.7466955830474596,60
4182,1.752580592503124,60
4183,1.3343570558855762,60
4186,1.965520321827817,60
4187,2.123491763614442,60
4188,1.2919378415216944,60
4189,0.5653968470682059,60
4194,0.3296075994180939,60
4202,1.0384944125733977,60
4203,1.7093246766275547,60
4204,0.6200374790527723,60
4205,0.9871844671217772,60
4206,0.5253110276288135,60
4208,0.9864167857740644,60
4212,0.6525148152382197,60
4216,0.8656925182995852,60
4218,0.1883129471378425,60
4220,0.7947848719454665,60
4221,0.6715282696440935,60
4228,1.2879812389183327,60
4229,1.010929421812394,60
4246,1.4254195455106684,60
4249,0.7816952674423476,60
4251,1.1110388181833448,60
4272,0.8050081242922911,60
4275,1.3658065515151434,60
4290,0.2908753228414794,60
429A,,10
4301,0.6421268273895715,60
4307,0.35769336630552956,60
4310,1.0300307729247673,60
4318,0.6495501837526905,60
4323,0.603423527361951,60
4324,0.7387363473345312,60
4326,0.6394362786451936,60
4331,0.27390015580687216,60
4337,0.2716282362872312,60
4343,0.2192738286268016,60
4344,0.4358175746805907,60
4345,0.5005228014666608,60
4362,0.8530072255637875,60
4368,1.7823021152370282,60
4369,2.244067051986537,60
4373,1.1906234517379732,59
4385,0.9127883645609925,60
4390,0.9278995063302956,60
4392,3.4213999450465025,60
4396,0.8839951995767245,60
4401,1.3781338798628806,60
4403,0.39940173428016834,60
4410,0.8849819607678895,60
4413,0.645903836628193,57
4432,0.556234876849814,60
4433,0.6226393533122049,60
4443,1.5075022038113408,60
4446,1.7620529170804398,60
4452,0.36511222384802794,60
4461,2.4874191637969436,60
4462,1.1660669485730206,60
4471,0.9329935124305488,60
4480,1.2340847478500148,60
4481,0.32866584740229304,60
4483,1.478997001310611,60
4502,0.3314899311529432,60
4503,0.5929757698511635,60
4506,0.15526341765615714,60
4507,0.47887041276159503,60
4516,-0.18311959500592195,60
4519,0.7422204771551777,60
4521,0.21281970055631258,60
4523,0.20696279058799444,60
4526,0.2821345679667751,60
4527,0.1628595723750359,60
4528,0.6398093710401667,60
4534,0.3370221885431751,60
4536,0.480121390244098,60
4538,0.5710739776207252,60
4540,0.3479112323310739,60
4543,1.0628331066105836,60
4544,0.2444789039943033,60
4547,0.20915595387895486,60
4548,0.5361246017722208,60
4549,0.8494302214494852,60
4552,0.39791653332080956,60
4553,0.7233224438859402,60
4554,0.7799593347125724,60
4559,0.23781789230059483,60
4565,0.7756399550126171,60
4568,0.9028729167341331,60
4569,0.16263230509044632,60
4574,0.9132388645971664,60
4577,0.6478251509163764,60
4578,0.7860923404511277,60
4587,0.3656155521437905,60
4611,0.8442480872635566,60
4612,0.8070962063926699,60
4613,0.7602901050068953,60
4617,1.2509790032249761,60
4626,0.9432298196907966,60
4631,1.1916336460869072,60
4633,0.9756242918873351,60
4634,0.7062616417193741,60
4641,0.37208520520432503,60
4658,0.9041519168622819,60
4661,0.6785897728302094,60
4662,0.6165217617552062,60
4665,0.028897035838762925,60
4666,0.509290429032866,60
4668,0.10613254184095929,60
4674,1.0710404177209043,60
4676,-0.022493622501755513,60
4680,1.1104451048082724,60
4681,0.4215106646557224,60
4684,0.2994331930103853,60
4686,0.5921727488820001,60
4687,0.8718244343746018,60
4689,0.09598733482232706,60
4694,0.39244117513754884,60
4704,0.09107524199684422,60
4709,0.4063632849683727,60
4714,-0.12766276134348575,60
4718,0.25133827411439985,60
4719,0.6491086875285447,60
471A,,8
4722,0.21287329847226244,60
4725,0.36878465763534024,60
4732,0.6281830215721871,60
4733,0.43320541636117904,60
4743,0.5426476395570994,60
4751,0.8505173730118412,60
4755,0.5883461352099426,60
4763,0.26589933843815733,60
4765,0.5983480883321904,60
4768,0.5282061085163672,60
4776,0.6202257409693697,60
4784,-0.2245479752236251,60
4792,0.23262972778708882,60
4801,0.19336252744552088,60
4809,0.29749023454861245,60
4812,0.13210576275599584,60
4813,0.9602226654199284,60
4819,-0.18794842315975785,60
4820,0.6966219610906551,60
4825,0.8684767191526335,60
4826,1.1004642284017248,60
4828,0.5087704794399504,60
4839,0.3266421343625294,60
4847,1.002257906788456,60
4848,0.25537769990983683,60
4849,1.0456938308959276,60
4886,0.7194692595042925,60
4887,0.0988796715282301,60
4901,0.982072353506729,60
4902,1.29936168625534,60
4911,0.6577876555233244,60
4912,-0.06611235973147134,60
4914,0.06663560670273433,60
4919,0.3159935699226054,60
4922,0.23032486612525094,60
4927,0.5304806160845397,60
4928,0.19515809225108868,60
4931,0.19977296233435593,60
4933,0.3037303796389962,60
4951,0.322476784758767,60
4956,0.8492028911604586,60
4958,0.3986638015939584,60
4967,-0.030884094564423516,60
4968,1.0294422460132342,60
4971,2.0519796357945825,60
4973,0.9985889026732225,60
4975,1.4063532212171008,60
4980,2.0568402401189863,60
4985,0.3542287216957591,60
4996,0.2489165887223253,60
4997,0.7547120425618061,60
5011,0.6359522417882522,60
5016,,17
5019,1.0276793531164639,60
5020,0.900400023532902,60
5021,0.5936992366585218,60
5032,0.6339453810389792,50
5036,0.6137538415627254,48
5074,2.2835283373323403,60
5076,1.054570750150786,58
5101,1.8422630210274114,60
5105,1.3985304158872591,60
5108,1.0424094320169885,60
5110,1.2226279451015847,60
5121,1.2507743749801492,60
5122,0.5029418252616845,60
5142,0.8993858491569781,60
5185,1.0574772390735196,60
5186,0.9231326801776879,60
5192,0.7235377058927627,60
5195,1.2635838430032815,60
5201,1.1447782194845801,60
5202,1.031482300723017,60
5208,1.0747369025639129,60
5214,0.6433895779361817,60
5232,0.7338760348980161,60
5233,1.039383690099756,60
5261,0.5236558411278391,60
5262,0.5276428595060606,60
5269,1.0957812175948962,60
5288,0.9260540575353231,60
5301,1.1461754745319082,60
5302,0.84885754752851,60
5310,1.6062720275052556,60
5331,1.4188813235245274,60
5332,0.9923110819482727,60
5333,1.4396686416040971,60
5334,1.3039726736891575,60
5344,1.7127134341020502,60
5351,1.1862969347555639,60
5357,0.5034337967335049,60
5384,1.7603340830180374,60
5393,1.066479022151605,60
5401,0.7394995366917257,60
5406,0.9622855082694822,60
5408,0.3885055689237439,60
5410,0.7569638537218303,60
5411,1.1501404644066278,60
5423,0.40402321367558724,60
543A,1.2429508931110547,60
5440,0.7235093955989526,60
5444,0.7123498949711679,60
5445,1.1059248991609532,60
5451,0.6066117912098331,60
5461,0.3496230562493218,44
5463,0.6809964933578858,60
5471,1.591733265740768,60
5480,1.2091167072086393,60
5482,0.9316150868259043,60
5535,0.536796161299617,34
5541,1.0965876798716667,60
5563,1.2953323432969073,60
5602,0.8628673514917076,60
5631,1.1358255067388912,60
5632,1.3071184904852446,60
5659,1.0992569590142782,60
5702,1.408197340346625,60
5703,1.0423218990924765,60
5706,2.786465312146623,60
5707,0.8425054439690629,60
5711,1.5646964988596423,60
5713,1.5219312441389659,60
5714,1.3135026931346396,60
5715,0.9798775750111562,60
5726,1.2623985090128995,60
5741,1.4691729686273591,60
5757,0.7989892104177333,60
5801,3.022232544100491,60
5802,2.2240410379230515,60
5803,2.158415562657453,60
5805,1.2109614255109127,60
5821,1.869534971547997,60
5830,1.0061820225111437,46
5831,1.0006188787759114,46
5832,0.8457998672997248,46
5838,-0.06561151157953363,40
5844,0.6420402195072065,60
5851,1.468477328612712,60
5852,1.260401806523031,60
5857,1.0379176415809483,60
5889,0.07892350511187461,33
5901,0.353680371269445,60
5902,0.5346330519972793,60
5911,0.7412265540436963,60
5929,0.8634158658880723,60
5930,0.40009851399775714,60
5932,1.2038464154283333,60
5933,0.6040496727883502,60
5938,0.8088438395825361,60
5943,0.504811633529389,60
5946,0.5582141801715019,60
5947,0.5631866167206107,60
5949,1.2542077155083053,60
5957,0.991694387739671,60
5959,0.3790340159649263,60
5970,1.2924404796916138,60
5975,1.9233911571231057,60
5976,1.1009455744703895,60
5981,1.288738852581464,60
5988,0.45926670048882257,60
5989,1.1608492230942644,60
5991,1.5675567560735832,60
6005,0.804604307637789,60
6013,0.9947163319752412,60
6027,0.6082654290179884,60
6036,0.6090542256063282,60
6050,0.28856796792617384,60
6055,1.8476523117282888,60
6058,1.2162195844158248,60
6062,1.239489703007202,60
6070,0.7249670188572235,60
6071,0.6893522432456382,60
6073,0.3136249696708713,60
6078,0.08101073587006023,60
6080,0.5378570464283474,60
6088,0.5958501647656567,60
6089,0.5797226589473958,60
6098,1.3490171616670033,60
6099,0.7538839329466714,60
6101,1.8200011635201037,60
6103,1.5278470572979799,60
6104,1.0905147387806506,60
6113,1.7038465037988575,60
6118,0.7205869561911986,60
6134,2.155356670271912,60
6135,0.8022986696990135,60
6136,1.0927738897264203,60
6140,2.2961411641107703,60
6141,1.5187713675838665,60
6143,1.3742654355733228,60
6146,2.1964822590366144,60
6151,0.5283618515965816,60
6167,0.9517401755376037,60
6178,0.5449479427638678,60
6183,0.3318499839527307,60
6184,0.1793602740720063,60
6191,0.811507023857242,60
6194,0.07882303769751964,60
6196,0.45513004592488354,60
6197,0.38290994660667044,60
6200,0.7588348821929412,60
6209,1.793787831713701,34
6222,1.0990438512684375,60
6235,2.2049849559813373,60
6237,0.9044884744866211,60
6238,0.894878581726399,60
6240,1.2407252599049885,60
6247,0.9057383710921059,60
6250,1.0635814791590215,60
6254,2.3676972505390994,60
6258,2.018879881293049,60
6264,1.9991163124453264,60
6266,1.7999030981789188,60
6268,1.5525858073138465,60
6269,0.6331178406005055,60
6272,1.0698626512664569,60
6273,1.6410313081627956,60
6277,1.4660340307346396,60
6278,2.2915543569616625,60
6279,0.7209735843750472,60
6282,0.702672098760574,60
6284,1.684175939816479,60
6287,0.7256567049769475,60
6289,1.425264158010554,60
6294,0.9916405891278869,60
6298,1.3600842839010325,60
6301,1.6719211306999053,60
6302,1.7533339327919346,60
6305,1.7370980939289538,60
6306,0.6629849534841542,60
6309,0.9396040735919532,60
6310,1.4472381512396977,60
6315,2.0566212327863487,60
6323,1.8350911251161368,60
6324,1.9743201269028716,60
6326,1.6554008598767338,60
6328,1.2292394932049482,60
6330,2.1288240421662272,60
6331,2.072514333814052,60
6332,0.9285836814856026,60
6333,1.0276033143432293,60
6339,1.2321432490933617,60
6340,1.1824644941912275,60
6345,0.3917224180365831,60
6349,0.8369891391910408,60
6351,0.4285798893168993,60
6358,0.8894419313916376,60
6361,2.15354088977585,60
6363,0.9587479082972938,60
6364,0.636708827691861,60
6367,0.9734030381870117,60
6368,1.8426407880506126,60
6369,0.8392570233677922,60
6370,1.3089566868511866,60
6371,1.1110649012840923,60
6376,1.3777896923277189,60
6379,0.8088759609939736,60
6381,1.2041676762849287,60
6383,1.654900875795737,60
6387,1.5626156637489563,60
6390,1.2613135416082786,60
6395,1.4592697358673903,60
6407,2.1326175305033965,60
6412,0.13623667034981934,60
6413,0.6482070563640645,60
6417,-0.23002303373043398,60
6418,1.1871165327518487,60
6419,0.26038833964405705,60
6420,0.81169790558852,60
6430,0.4279400509628703,60
6432,1.5381435190654744,60
6436,0.5211358313308374,60
6440,1.1057848127698595,60
6445,0.6998242860545694,60
6448,1.1418456516576612,60
6454,0.6778892521063422,60
6455,0.4248363343264774,60
6457,0.7778617257713606,60
6458,0.84301805028885,60
6459,0.5508929589281615,60
6460,0.1486762575548899,60
6463,1.1515506112709017,60
6464,1.1183835444714902,60
6465,0.4091363829389676,60
6471,1.2316933337750648,60
6472,1.5183055743183822,60
6473,1.5093532803646754,60
6474,1.172578510617823,60
6479,1.8140839108012061,60
6480,2.027635924799818,60
6481,1.2944812469442804,60
6486,1.1776618089265636,60
6490,2.2003417972566175,60
6498,1.213289928384657,60
6501,1.257558197192744,60
6503,1.528259186441218,60
6504,2.0075630877758153,60
6506,1.991187854880857,60
6507,1.5025184640556888,60
6508,1.2117212603755978,60
6516,1.3078199684980802,60
6517,0.9327023471466748,60
6523,1.1965409769777067,58
6525,2.239782873546629,34
6526,2.878884104054153,46
6532,0.016989778765698436,60
6533,1.3148480442016528,60
6535,0.36728980219237933,60
6539,0.6981420358956607,60
6544,0.5944950473242802,60
6560,1.0679521812049397,60
6564,0.2479558020144847,60
6571,0.44476044539479714,60
6572,0.7678045524749011,60
6584,1.7725758927203956,60
6586,0.9955896293030665,60
6588,1.098748752095234,60
6590,2.4920531963337598,60
6592,1.180445371824693,60
6594,1.4479314157430252,60
6615,0.8679665680272779,60
6616,1.612307438584219,60
6617,1.5184711874067838,60
6619,0.8708927597760494,60
6620,1.0054400878078518,60
6622,2.0840344966007525,60
6630,0.10096856461688876,60
6632,0.8730696744863231,60
6638,1.7688713875645679,60
6644,0.9358968030276914,60
6645,1.8517444538433576,60
6651,0.9911964929022739,60
6652,0.7061916019952785,60
6653,1.5066363756951586,60
6674,1.9534821773455375,60
6701,0.9599344146977541,60
6702,0.662123101530255,60
6703,2.210851591763057,60
6706,0.8767678044949925,60
6707,1.4219155223761133,60
6718,0.6376405992333715,60
6723,2.1039222915286486,60
6724,1.5480245642213246,60
6727,1.3077871083106158,60
6728,2.3043499551053976,60
6737,0.7698643956548046,60
6740,-1.4707369427055637,60
6741,0.9476046223369834,60
6742,1.38236839922999,60
6744,0.5613749669560355,60
6745,1.123063412549684,60
6750,0.6348867142611555,60
6752,1.3948566090987473,60
6753,0.4036662696242379,60
6754,1.3958229014456154,60
6758,0.8918503386828763,60
6762,1.8726355151264347,60
6763,0.37289450111852,60
6768,1.4649982466009936,60
6770,0.7854836705239154,60
6779,1.5578762875715964,60
6785,0.9431846849083229,60
6787,2.647090758601482,60
6788,0.7127775537610749,60
6794,1.4120874786455588,60
6798,1.1879097158344634,60
6800,2.348241342472372,60
6804,0.7380163411058419,60
6806,1.3527841903403295,60
6807,0.9328788333457305,60
6809,0.8561910454966134,60
6810,0.7721703876744839,60
6814,1.785848325602508,60
6817,1.0679892358231968,60
6820,0.42998398582001107,60
6823,1.0812562569866153,60
6841,1.5663596459460667,60
6844,1.5363545820817892,60
6845,0.9135534645403474,60
6849,0.5304599034184245,60
6850,1.560709066821009,60
6856,1.8943623350390015,60
6857,2.713830410994478,60
6859,1.839648268750223,60
6861,1.4482691959278353,60
6866,1.4119780753934668,60
6869,0.7474601805425987,60
6871,3.458217660736429,60
6875,1.1878219276726887,60
6902,1.3676023221225198,60
6905,1.091005676729891,60
6914,1.4130187893625175,60
6920,2.040134944738525,60
6923,1.0509066686269044,60
6925,1.3258168883501795,60
6929,0.8173458774654666,60
6941,1.918707774577279,60
6947,0.5073106989135424,60
6951,1.8763717484523175,60
6952,0.919994459868474,60
6954,1.3367789653161648,60
6958,1.6280689351097315,60
6961,1.7857146952158243,60
6962,1.2467400139062965,60
6963,1.8772626774983634,60
6965,1.641084228460352,60
6966,3.064660069841645,60
6971,1.1168158397909067,60
6976,3.0833086608704643,60
6981,2.266040316046282,60
6986,1.0686156184953035,60
6988,1.206550382288989,60
6995,1.1707290375579829,60
6996,1.59350954636644,60
6997,2.1211357620340117,60
6999,2.097088005213108,60
7003,2.8498721685903328,60
7004,1.2405867143106246,60
7011,1.216370309101103,60
7012,2.1847472076805237,60
7013,1.7380991169162756,60
7033,1.1417595220438193,60
7034,1.2285644550330161,60
7038,0.881881287721823,60
7059,1.0545155262666899,60
7071,0.8751291035354499,60
7085,1.0517915642001474,60
7095,0.683285013648674,60
7102,1.017939542854834,60
7128,0.4874658000428083,58
7130,0.2761419359772862,58
7148,0.9558825407646927,60
7157,0.7099496452356757,60
7164,0.20781671501979368,60
7167,0.36257294244337485,60
7172,0.4475598487898838,60
7173,0.5153097403133077,60
7180,0.8626506557484173,60
7181,0.3487612154892301,60
7182,0.7747244791415051,60
7184,1.007035315170445,60
7186,0.5805573728699037,60
7187,0.8888381395663624,60
7189,0.7836232259371116,60
7198,0.1547747531029895,60
7199,0.4964798043664581,60
7201,1.4785949700216854,60
7202,1.305816898542031,60
7203,1.5120621062120034,60
7211,1.400321798327477,60
7220,2.244893476060662,60
7224,0.9661158367872836,60
7226,0.5685892975422961,60
7231,1.2025538187249007,60
7236,2.088937146431078,60
7238,1.4377172172133477,60
7239,1.1107768152152475,60
7240,1.2014077293965384,60
7241,1.5077040886346857,60
7242,1.2307310883127356,60
7244,1.2436202814632882,60
7245,1.7309874938937773,60
7246,1.133649430836972,60
7259,1.1173564747299114,60
7261,1.7761856448364342,60
7267,1.3387221250304246,60
7269,1.2339667064615536,60
7270,1.0934789115448618,60
7272,1.4611177355770832,60
7276,1.0925025764248089,60
7278,0.7901515166485628,60
7280,2.4415495165994807,60
7282,1.466918202787277,60
7283,1.3766651827485321,60
7294,1.2511540311701863,60
7296,0.8531769757189586,60
7309,0.5067198020831742,60
7313,0.8059066273701616,60
7322,0.9503531618732781,60
7327,0.5633662662737542,60
7337,0.7620191494481056,60
7347,0.4207747395622516,60
7350,0.7163158454115021,58
7366,1.2422778050729322,60
7380,0.7800706319051286,58
7381,0.17803560343951988,58
7383,1.3790349371989457,56
7384,0.378037342632251,52
7388,1.3201263754685673,47
7389,0.8117509315294298,46
7414,0.4881953539842176,60
7419,0.07241814507364326,60
7421,0.11953598703023573,60
7433,0.7151469113172386,60
7438,0.43609597207044404,60
7447,0.3701328913216906,60
7453,0.7608253335328437,60
7456,1.3525140589165285,60
7458,0.40556987691200846,60
7459,0.2813010365260161,60
7466,0.8045684684596088,60
7475,0.22041882080843686,60
7476,0.8290916066495663,60
7482,0.7809433323864045,60
7483,0.5974663383767362,60
7504,0.9428384224063927,60
7508,0.7140624182133692,60
7510,0.8088458147354298,60
7513,0.3408050150486849,60
7516,0.16569814060397559,60
7520,0.2666499335314503,60
7522,0.20753626259451213,60
7525,0.6990743724165076,60
7532,0.5157434790273916,60
7537,1.1815641490912596,60
7545,0.33722072930774843,60
7550,0.23404299852478908,60
7552,0.30150932862247276,60
7554,0.2838185644997748,60
7575,0.3135722418337536,60
7581,0.39290376831460744,60
7593,0.6056466872234821,60
7595,0.7384929296096013,60
7596,0.311750836949151,60
7599,0.684615408769257,60
7600,1.2415567323337526,60
7606,0.6407918439954998,60
7607,0.7637835441442586,60
7609,1.4615625706005262,60
7611,0.09786834070533755,60
7613,1.3797394472909923,60
7616,0.23642164339417313,60
7628,0.39476000118263643,60
7630,0.34862315597280585,60
7637,1.5606727486375453,60
7649,0.29707568954944197,60
7679,0.17948262351446048,60
7683,0.4979594577650965,60
7701,0.9910771245946165,60
7715,1.5538975893762639,60
7717,2.1782990080539903,60
7721,1.471147552896151,60
7723,0.8858398259714279,60
7725,0.9832651932599858,60
7729,1.9468886755059611,60
7730,0.9889025781079142,60
7731,1.2239932008758134,60
7733,0.598090680103701,60
7734,1.1830971397026007,60
7735,2.4798470426218255,60
7740,1.2050478252207244,60
7741,1.1208488215866381,60
7744,0.9481176790002336,60
7745,1.9605956694129738,60
7747,1.1909042498016853,60
7751,0.9216210414256703,60
7752,0.9264264725373467,60
7762,1.5036960680445297,60
7769,0.5356502717679562,60
7780,0.640626504466992,60
7818,0.8270942311296798,60
7820,0.265472035171636,60
7821,0.6635323009701719,60
7826,2.8883175017249556,60
7832,0.4445849841456701,60
7839,0.48496141197200604,60
7840,0.4078101814549514,60
7844,0.48232889218181885,60
7846,0.18549468978995606,60
7856,0.8232750002717805,60
7860,-0.13427554612417436,60
7864,0.4493048765550966,60
7867,0.825436895131592,60
7868,-0.10910247055270733,60
7874,0.17148208743062052,60
7888,1.878302358750453,60
7893,0.22248824836632022,60
7911,0.7587829575144732,60
7912,0.8603717499144117,60
7914,0.7875911161079585,60
7915,1.0337650367103584,60
7917,1.2007209929703797,60
7921,0.3396165031199259,60
7931,0.903410051837308,60
7936,1.449678480145199,60
7942,1.1773535988802821,60
7943,0.6711282052360136,60
7944,0.5460764518600909,60
7947,0.02289133713202844,60
7949,0.8246735938664216,60
7951,0.65253824554959,60
7952,0.6839386432618181,60
7955,1.0540216384372165,60
7956,0.08529289114952447,60
7962,0.12947541302449286,60
7965,0.42819204196658767,60
7966,0.9054211344079733,60
7970,1.0288254590608974,60
7972,1.2263734647965887,60
7974,0.23110756183907527,60
7976,0.2535010479901634,60
7979,0.5198689827677518,60
7981,0.6532479460525242,60
7984,0.19674644349878692,60
7988,1.1971827541832227,60
7989,0.9478751580744135,60
7990,1.3877421963266432,60
7994,0.7146898365290811,60
7995,1.5968460813389387,60
8001,1.1308347795696037,60
8002,1.2643369125808628,60
8005,0.644483266113795,60
8007,0.32240607129129484,60
8008,0.2354667914363978,60
8011,0.6330023736253535,60
8012,0.9870571635297584,60
8014,0.7599258469294035,60
8015,1.8965559973025303,60
8016,1.0997132649412327,60
8020,1.0761008017591638,60
8022,1.078898106911242,60
8031,1.0805030709415344,60
8032,0.76958163483034,60
8035,2.3011664874518987,60
8037,1.0393545773476613,60
8043,0.39369858406237285,60
8050,2.228249421998013,60
8051,0.6070712659733232,60
8052,0.8110206080459095,60
8053,1.2259045538659692,60
8056,0.2120326250794658,60
8057,0.760216026810406,60
8058,1.5729219981992724,60
8059,0.7223604046299361,60
8060,0.42594987987909533,60
8061,1.090199380568476,60
8065,1.0428009557067717,60
8070,0.6049279220395043,60
8074,0.6453408985525285,60
8075,1.0497182362554942,60
8078,1.1846763537676266,60
8079,0.2798037201141434,60
8081,0.7281491954892434,60
8084,0.8611339878882965,60
8086,0.4609715269921539,60
8088,1.1018408036840004,60
8091,0.6826985250567558,60
8093,0.855445242558603,60
8095,0.4926185628840872,60
8097,1.1568816019867858,60
8098,0.5544148713988055,60
8101,0.9391528962432835,60
8103,0.8921932034635629,60
8111,0.6243946861568282,60
8113,0.389485607635534,60
8125,0.08406453857831757,60
8129,-0.2653873368767988,60
8130,0.2974962239539645,60
8132,0.39811431214190623,60
8133,0.43949153118715045,60
8136,0.7408806804969241,60
8137,1.2934796322257904,60
8141,0.39704259651400836,60
8142,0.5608086559088252,60
8150,0.7799738612731356,60
8151,0.877625170674718,60
8153,0.13440480152435763,60
8154,1.4248965262925721,60
8157,1.4107909323327295,60
8158,0.3746047405991535,60
8159,1.4073406980186387,60
8160,0.26385390141735265,60
8163,0.11773251770937787,60
8167,0.6395199208315326,60
8173,0.3056065883012668,60
8174,0.17122045770753236,60
8179,0.5211022628331172,60
8185,0.38023576505447443,60
8194,0.5568440776593655,60
8200,0.18114687470031668,60
8203,0.4194063588060833,60
8214,0.5991456439554648,60
8217,0.45490085100904176,60
8218,0.15847714177916228,60
8219,0.6118498432248612,60
8227,-0.6037601775522301,60
8233,0.8606223931762893,60
8237,1.64006076665243,60
8242,0.6953295907816838,60
8252,0.2947029132115005,60
8253,0.9722576994375702,60
8255,0.2739054085921495,60
8267,0.7356942809803356,60
8273,0.023980648777017968,60
8276,-0.1037233948148168,60
8278,-0.07166332294355503,60
8281,0.32233799499216853,60
8282,0.14377703983087953,60
8283,0.3370260886076109,60
8303,-2142247.595398187,60
8304,0.52102467838798,60
8306,0.8775821374518405,60
8308,0.5145233699384637,60
8309,0.6404577245656661,60
8316,0.7855749905572467,60
8331,0.42379786455034274,60
8334,0.46645370312032786,60
8336,0.6328540589333232,60
8337,0.8660083108150278,60
8338,1.2723004644202474,60
8341,0.5668859807803119,60
8343,0.67100301253413,60
8344,0.48690886280294726,60
8345,0.6390993722201889,60
8346,0.8791481051227177,60
8354,0.5360942184671491,60
8358,0.6836037297024214,60
8359,0.5113312827843871,60
8360,0.7432546294560408,60
8361,0.8990423874422995,60
8362,1.028710796653611,60
8364,0.6407460305177948,60
8366,0.2629037763732991,60
8367,0.6616512133962993,60
8368,0.9563115673102888,60
8370,0.8374602513097874,60
8377,0.8275944610192332,60
8381,0.48261032258109954,60
8386,0.9420471774137643,60
8387,0.6963568796498596,60
8388,0.5088765032662554,60
8392,0.9018040726908405,60
8393,0.710413716210965,60
8395,0.6613251421961716,60
8399,0.5556799188015686,60
8410,0.28943681239406494,60
8411,0.8653585160278368,60
8418,0.5871811539160586,60
8424,0.55444623410686,60
8425,0.8243579816420931,60
8439,0.8207834604868754,60
8473,0.9266816357938349,60
8511,0.4667383204666534,60
8522,0.6777994621428509,60
8524,0.9245853143234,60
8541,0.5019666206795054,60
8544,0.9117743788386066,60
8550,1.2253190196451353,60
8551,0.5789018642034813,60
8558,1.0284058008824288,60
8566,0.3245452002140019,60
8570,0.7690344018346427,60
8584,0.4986746981091845,60
8585,0.6887979422743711,60
8591,1.2721575040997757,60
8593,0.6239890912778664,60
8595,0.6723821685605637,60
8600,0.4950397360300175,60
8601,1.0681530695478696,60
8604,1.2144683961734222,60
8609,1.0778358988817027,60
8613,0.8291603350957838,60
8614,0.6093416867093645,60
8616,0.8854922112570812,60
8622,0.9482189338482135,60
8624,1.0073622658275994,60
8628,0.4738739990073227,60
8630,0.6100601724073231,60
8697,1.3812508909709738,60
8698,0.6981228022766871,60
8706,0.738761605735068,60
8707,0.7920603750088459,60
8708,0.2702951276398446,60
8713,0.5191573444719838,60
8714,0.5451198623292939,60
8715,1.147910925523298,60
8725,0.7793197187446486,60
8729,,11
8739,1.5170543253934208,60
8750,0.7744557181685392,60
8766,0.45388287823093004,60
8771,0.05244949820183982,60
8793,0.6619946836663743,60
8795,0.4423652378294133,60
8798,0.5003766081067695,60
8801,0.9612912337045053,60
8802,1.0871652241367817,60
8803,0.32694814353275725,60
8804,0.9711718628059609,60
8818,0.7464530494592875,60
8830,1.1308540887979972,60
8848,0.5515214040950766,60
8850,0.3382108069080897,60
8860,0.671364976767647,60
8876,0.061248071720549066,60
8877,0.6662570204661609,60
8881,0.5256888933570961,60
8892,0.2762985928342859,60
8897,0.48005284021945466,60
8919,0.8469681650793058,60
8923,0.5776610541595752,60
8934,0.7467656223446639,60
8935,1.186378925398664,60
8999,0.3644098028990689,60
9001,0.5643046166212344,60
9003,0.25909484574700153,60
9005,0.33831354813219117,60
9006,-0.007848362184386627,60
9007,0.3804766373663557,60
9008,0.1542046719027263,60
9009,0.4174854045605229,60
9010,0.5264037681435,60
9020,0.3320749939299607,60
9021,0.29662399183741445,60
9022,0.4877531353398205,60
9023,,22
9024,0.3072472967134332,60
9025,0.36284671670809054,60
9031,0.5421430931048478,60
9037,0.7247282737567522,60
9039,0.22270927213139266,60
9041,0.27188453365286563,60
9042,0.24382409553723028,60
9044,0.3610486366997806,60
9045,-0.04187539705492493,60
9048,0.3144050242787999,60
9052,0.16349137386598356,60
9064,0.3315660116277356,60
9065,0.8796401455171036,60
9068,0.6466811286973507,60
9069,0.35531511208956523,60
9072,0.449237439357475,60
9075,1.024053994245108,60
9076,0.6117585610290587,60
9081,0.2611958754062102,60
9090,0.07946360070375977,60
9101,0.6624385554831155,60
9104,0.8774206247363752,60
9107,1.1192101906608138,60
9110,1.1664021626031902,60
9119,0.6049853140342203,60
9142,0.18500697121348023,60
9143,0.541673986791015,60
9147,0.8213231848012071,55
9201,0.9864194685721485,60
9202,1.0416531004184904,60
9216,1.0979198220680573,53
9229,0.5540754815136719,50
9247,0.40848546216002796,58
9267,0.7764616552039784,60
9273,0.8055511723054642,60
9274,0.9352323038713801,60
9278,0.45283956355433247,60
9279,0.5293843198922977,60
9301,0.9187277218176386,60
9302,0.159695753985488,60
9303,0.5607494960580187,60
9304,0.9346416176545332,60
9305,0.2732368344098367,60
9310,0.8915025596552092,60
9319,0.0725815640279565,60
9324,0.5009364667558116,60
9332,0.4943905860386625,60
9336,0.40836842292040204,44
9341,0.5435756057560148,44
9347,0.13837098857652402,60
9364,0.4246117489139928,60
9381,0.9563758015562173,60
9401,0.6286606582961913,60
9404,0.39816307152690844,60
9405,0.07139683572179098,60
9409,0.3375158609440644,60
9412,1.0473580479194111,60
9413,0.4378764446979554,60
9416,0.2618713637167062,60
9418,1.0125855899341956,60
9424,-0.0562333664678082,60
9432,0.1347514529920503,60
9433,0.1992071488427688,60
9434,0.15393012574714135,60
9435,0.5787597348374215,60
9438,0.3826780508402144,60
9449,0.23575608002700946,60
9468,-0.3610340807935747,60
9470,0.4960821767901277,60
9474,0.134849958744367,60
9501,0.9442511164181415,60
9502,0.7577405846883222,60
9503,0.722495854190873,60
9504,0.9553080865105298,60
9505,0.5713302743570797,60
9506,0.57331051768072,60
9507,0.5855300059314489,60
9508,0.8165638340047547,60
9509,1.1181990215400435,60
9511,0.46172873028192735,60
9513,0.1868722047564847,60
9517,-0.4282691316768445,60
9519,-0.12617235956071954,60
9531,0.14493307382342055,60
9532,0.16343382805541218,60
9533,0.37405652578858656,60
9534,0.6284988917444397,60
9535,0.15032151571150149,60
9536,0.280625821132723,60
9543,0.3383267231987517,60
9551,1.0281643988897358,60
9552,2.1351194339384834,50
9601,0.05597090580848314,60
9602,-0.20924443896302936,60
9603,0.5284240504920852,60
9605,0.04157724894055351,60
9612,0.3957852242070439,60
9616,0.40410363884512773,60
9619,0.5664660761212948,60
9621,0.7122479296250231,60
9622,0.6630225654801382,60
9627,0.3466258437183156,60
9629,1.1838241922330766,60
9644,0.20032004531655723,60
9658,0.5777109598911273,60
9663,0.9235261865560696,60
9672,0.4928980577020648,60
9678,0.6276662491634682,60
9682,0.45534806097363295,60
9684,0.08779164274555931,60
9692,0.2870809121623322,60
9697,0.38368361298511594,60
9699,0.3928981168599052,60
9702,1.1345516873589225,60
9706,0.3751728168694946,60
9715,0.512454190661485,60
9716,0.7997668802689658,60
9722,0.3581418789678724,60
9729,0.3640422643631499,60
9735,0.4010460680671615,60
9739,0.5535480181912844,60
9740,0.6888307495348869,60
9742,0.681271448331232,60
9743,0.7428078779303116,60
9744,0.41359036470246413,60
9746,0.26965706083232865,60
9755,0.34275747658856515,60
9757,0.3891521733108964,60
9759,0.074462427357372,60
9765,0.5816383868618477,60
9766,0.3462917539096819,60
9769,0.19580096870858713,60
9788,0.09486381394353209,60
9790,0.4167554370965004,60
9793,0.33442751256649006,60
9795,0.42038283017616895,60
9824,1.2717303183955873,60
9830,0.7503326520092233,60
9831,0.2240525444299916,60
9832,0.38471526849850646,60
9837,1.0013419198868545,60
9842,0.27819874445479875,60
9843,0.8233518638276578,60
9850,0.24769480859082757,60
9861,-0.14658637607989866,60
9869,0.222318495476442,60
9880,1.8860752042276057,60
9882,0.3660227817043215,60
9887,0.10059293748756343,60
9889,0.26444524940598546,60
9900,0.20184364523212625,60
9902,0.4529701000148033,60
9928,0.6060666827701465,60
9932,0.8511849646934927,60
9934,0.6442641431716578,60
9936,0.1320663457007979,60
9946,-0.07875128710316318,60
9948,0.2663199158880721,60
9956,0.1845127468650798,60
9960,1.4031388706937489,60
9962,1.2068239916162946,60
9974,0.2731596195739339,60
9983,1.319029652886247,60
9984,2.2345954016556204,60
9987,0.3148491201234259,60
9989,0.02822044708498753,60
9990,0.29655018388708554,60
9991,0.8196124456765976,60
9997,0.405724041795601,60
